pr,merged_at,layers,n_files,n_functions,croise,multi_fichiers,taille,lignes,natures,source,tokens_est
38552,2025-05-01,symfony_adapter,1,1,False,False,≤5,1,autre,reconstruit,3636
38496,2025-04-23,js,1,1,False,False,6-20,8,condition,reconstruit,2452
38417,2025-04-22,legacy_classes,1,1,False,False,≤5,2,autre,reconstruit,3422
38381,2025-04-02,legacy_classes,1,1,False,False,≤5,5,condition|garde_null_vide,reconstruit,4863
38341,2025-03-27,legacy_classes,1,1,False,False,6-20,18,condition|conversion_echappement|multiboutique|requete_sql,reconstruit,4643
38303,2025-03-20,autre|config,3,1,False,True,21-60,25,autre,reconstruit,4566
38263,2025-03-18,autre,1,2,False,False,≤5,5,condition,reconstruit,3384
38254,2025-04-24,js|symfony_bundle,2,2,False,True,≤5,3,traduction,reconstruit,4071
38251,2025-05-16,legacy_classes|sql_install,2,2,False,True,6-20,20,multiboutique|requete_sql,reconstruit,4033
38203,2025-03-21,symfony_bundle,1,3,False,False,21-60,28,signature|traduction,reconstruit,3589
38157,2025-03-06,symfony_bundle,1,3,False,False,6-20,7,condition|signature|traduction,reconstruit,4617
38152,2025-03-20,js,1,1,False,False,≤5,4,condition,reconstruit,1817
38141,2025-03-06,symfony_bundle,2,3,False,True,6-20,9,autre,reconstruit,5240
38136,2025-03-06,legacy_classes,1,1,False,False,6-20,12,condition|conversion_echappement|multiboutique,reconstruit,5924
38100,2025-03-06,symfony_bundle,1,2,False,False,6-20,9,condition|signature,reconstruit,5122
38056,2025-03-19,config,1,1,False,False,≤5,2,autre,reconstruit,4319
38037,2025-02-28,legacy_classes,1,1,False,False,≤5,2,autre,reconstruit,3813
38027,2025-04-24,symfony_bundle|symfony_core,3,3,False,True,6-20,16,condition|conversion_echappement,reconstruit,5595
38008,2025-04-03,js,1,0,False,False,≤5,1,autre,reconstruit,1677
37996,2025-04-25,symfony_adapter,1,1,False,False,≤5,4,condition|garde_null_vide,reconstruit,2641
37985,2025-02-11,legacy_classes,1,2,False,False,6-20,15,condition|garde_null_vide|signature,reconstruit,4354
37970,2025-02-14,legacy_classes,1,1,False,False,≤5,4,autre,reconstruit,4257
37958,2025-02-11,symfony_bundle,1,1,False,False,≤5,1,formulaire_validation,reconstruit,2990
37944,2025-01-31,symfony_bundle,1,0,False,False,≤5,1,autre,reconstruit,1860
37942,2025-01-31,symfony_bundle,1,1,False,False,6-20,15,condition,reconstruit,4234
37925,2025-04-08,symfony_core,1,1,False,False,≤5,2,autre,reconstruit,3832
37912,2025-01-29,legacy_classes|symfony_bundle,2,3,True,True,6-20,16,condition|garde_null_vide,reconstruit,4553
37890,2025-01-30,js|legacy_controllers,2,2,False,True,6-20,10,requete_sql,reconstruit,6846
37888,2025-01-24,symfony_bundle,1,0,False,False,≤5,4,condition,reconstruit,2557
37877,2025-02-20,symfony_adapter,3,4,False,True,6-20,20,condition|requete_sql|signature,reconstruit,5429
37874,2025-04-25,symfony_bundle,1,1,False,False,6-20,8,autre,reconstruit,3304
37869,2025-01-29,legacy_controllers,1,1,False,False,≤5,2,conversion_echappement,reconstruit,3120
37861,2025-01-30,legacy_classes|legacy_controllers|sql_install,3,2,False,True,6-20,11,autre,reconstruit,5688
37838,2025-01-28,autre|symfony_bundle,2,4,False,True,21-60,32,condition|garde_null_vide,reconstruit,2973
37819,2025-01-17,symfony_core,1,1,False,False,≤5,4,condition|conversion_echappement,reconstruit,3393
37803,2025-01-22,symfony_bundle,1,1,False,False,≤5,3,condition|multiboutique,reconstruit,4383
37775,2025-04-03,legacy_controllers,1,1,False,False,≤5,1,autre,reconstruit,2618
37771,2025-01-21,symfony_bundle,1,1,False,False,6-20,13,formulaire_validation|traduction,reconstruit,4014
37747,2025-01-15,legacy_classes,1,1,False,False,6-20,6,condition|requete_sql,reconstruit,4982
37679,2024-12-19,autre|symfony_adapter,2,3,False,True,21-60,32,condition|conversion_echappement|signature,reconstruit,3291
37589,2024-12-10,symfony_adapter,1,1,False,False,≤5,2,condition,reconstruit,3755
37533,2024-12-13,autre|symfony_adapter,2,2,False,True,6-20,6,condition,reconstruit,3749
37412,2024-11-28,legacy_classes,1,1,False,False,≤5,2,condition|garde_null_vide,reconstruit,5231
37297,2024-11-05,symfony_bundle,1,1,False,False,≤5,1,autre,reconstruit,2674
37268,2024-11-13,legacy_classes,1,1,False,False,≤5,2,conversion_echappement,reconstruit,4087
37267,2024-10-29,legacy_classes,1,1,False,False,≤5,4,prix_taxe,reconstruit,6023
37220,2024-10-29,legacy_controllers,1,2,False,False,≤5,4,signature|traduction,reconstruit,5318
37191,2024-10-21,symfony_adapter,1,1,False,False,≤5,3,condition|garde_null_vide,reconstruit,2413
37030,2024-10-21,legacy_controllers,1,1,False,False,≤5,2,conversion_echappement,reconstruit,3653
37009,2024-10-25,legacy_classes,1,1,False,False,≤5,1,autre,reconstruit,3976
36905,2024-09-17,legacy_classes,1,1,False,False,6-20,20,condition|conversion_echappement|garde_null_vide|requete_sql,reconstruit,5233
36895,2024-09-19,legacy_controllers,1,1,False,False,≤5,1,conversion_echappement|multiboutique,reconstruit,3612
36880,2024-10-02,autre|symfony_core,2,4,False,True,21-60,22,signature,reconstruit,2821
36875,2024-09-13,legacy_classes,1,2,False,False,≤5,4,autre,reconstruit,4191
36866,2024-09-13,legacy_classes,1,1,False,False,≤5,4,condition|requete_sql,reconstruit,3080
36840,2024-09-10,config|symfony_bundle,2,1,False,True,6-20,6,requete_sql,reconstruit,3493
36834,2024-09-10,legacy_classes,1,1,False,False,≤5,4,prix_taxe,reconstruit,3965
36807,2024-10-01,legacy_classes,1,1,False,False,≤5,5,garde_null_vide,reconstruit,3950
36802,2024-09-09,legacy_classes,1,1,False,False,≤5,2,garde_null_vide,reconstruit,4928
36792,2025-04-22,js,1,2,False,False,6-20,6,autre,reconstruit,2961
36736,2024-09-10,symfony_bundle,2,0,False,True,≤5,4,condition,reconstruit,3203
36662,2024-08-27,legacy_classes,1,1,False,False,≤5,2,conversion_echappement|multiboutique,reconstruit,5045
36653,2024-08-14,symfony_adapter,1,1,False,False,≤5,1,conversion_echappement,reconstruit,3576
36607,2024-11-19,symfony_adapter,1,1,False,False,≤5,2,autre,reconstruit,2301
36521,2024-07-10,legacy_controllers,1,1,False,False,≤5,2,condition,reconstruit,2480
36505,2024-11-19,symfony_bundle,1,1,False,False,≤5,5,condition|garde_null_vide,reconstruit,3969
36472,2024-07-02,legacy_controllers,1,1,False,False,≤5,2,conversion_echappement,reconstruit,5047
36457,2024-07-02,symfony_adapter,1,1,False,False,≤5,3,autre,reconstruit,4167
36403,2024-07-12,symfony_bundle,1,1,False,False,≤5,2,traduction,reconstruit,4107
36229,2024-05-24,symfony_bundle,1,1,False,False,≤5,4,condition,reconstruit,4071
36171,2024-06-25,js|templates,2,2,False,True,6-20,17,condition|signature|template|traduction,reconstruit,4115
36160,2024-06-13,symfony_bundle,1,2,False,False,≤5,2,autre,reconstruit,3395
36123,2024-07-06,legacy_classes,1,1,False,False,6-20,8,condition|conversion_echappement|multiboutique,reconstruit,5878
36101,2024-05-07,js,1,1,False,False,≤5,2,autre,reconstruit,2816
36082,2024-07-29,legacy_classes,1,1,False,False,≤5,2,autre,reconstruit,4524
36074,2024-05-15,legacy_classes,1,2,False,False,21-60,35,condition|garde_null_vide,reconstruit,5941
36052,2024-04-30,symfony_adapter,1,2,False,False,6-20,8,autre,reconstruit,5174
36027,2024-05-21,js|symfony_bundle,3,1,False,True,21-60,44,condition|formulaire_validation|garde_null_vide,reconstruit,6590
35902,2024-06-13,legacy_controllers,1,3,False,False,6-20,8,condition,reconstruit,5496
35863,2024-04-12,symfony_bundle,1,1,False,False,≤5,2,autre,reconstruit,3786
35861,2024-04-10,legacy_classes,1,1,False,False,≤5,2,autre,reconstruit,3856
35771,2024-04-04,symfony_bundle|symfony_core,2,4,False,True,21-60,49,condition|multiboutique|requete_sql,reconstruit,4991
35709,2024-11-25,js,1,1,False,False,6-20,19,condition,reconstruit,3577
35621,2024-03-25,symfony_core,1,1,False,False,6-20,10,condition,reconstruit,3083
35587,2024-03-13,legacy_classes,1,1,False,False,6-20,8,hook,reconstruit,5409
35584,2024-03-14,templates,1,0,False,False,≤5,2,template,reconstruit,1876
35565,2024-05-13,legacy_classes,2,2,False,True,6-20,6,autre,reconstruit,4641
35530,2024-03-01,legacy_controllers,1,1,False,False,6-20,7,condition|garde_null_vide|requete_sql,reconstruit,3167
35439,2024-02-23,legacy_classes,1,1,False,False,≤5,2,autre,reconstruit,3450
35418,2024-02-26,legacy_controllers,1,1,False,False,21-60,27,condition|conversion_echappement|formulaire_validation|traduction,reconstruit,4875
35384,2024-03-06,symfony_bundle,1,1,False,False,6-20,6,condition|garde_null_vide,reconstruit,2265
35351,2024-02-26,legacy_classes,1,1,False,False,21-60,22,condition|conversion_echappement,reconstruit,4794
35322,2024-02-26,symfony_adapter,1,1,False,False,≤5,2,autre,reconstruit,3058
35234,2024-02-01,symfony_core,1,1,False,False,≤5,2,autre,reconstruit,2958
35139,2024-01-25,templates,2,0,False,True,21-60,32,condition|conversion_echappement|garde_null_vide|template,reconstruit,4383
35023,2024-03-01,legacy_controllers,1,2,False,False,6-20,13,condition|garde_null_vide|traduction,reconstruit,6813
35021,2024-01-30,legacy_classes,1,1,False,False,6-20,7,condition,reconstruit,4107
34917,2024-04-29,legacy_controllers,1,1,False,False,≤5,4,condition,reconstruit,2695
34857,2023-12-20,legacy_controllers,1,1,False,False,≤5,5,condition,reconstruit,6494
34823,2024-04-29,symfony_adapter,1,1,False,False,≤5,1,autre,reconstruit,5251
34721,2023-12-05,legacy_classes,1,1,False,False,≤5,3,condition,reconstruit,4872
34715,2023-12-01,autre|symfony_adapter,3,2,False,True,21-60,38,formulaire_validation|multiboutique|signature,reconstruit,4342
34700,2024-07-08,js,1,1,False,False,≤5,2,autre,reconstruit,3696
34699,2023-12-01,js,1,1,False,False,21-60,32,condition,reconstruit,2363
34695,2023-11-29,symfony_adapter,1,1,False,False,21-60,31,condition|formulaire_validation|garde_null_vide|signature,reconstruit,4235
34647,2023-11-22,legacy_controllers,1,1,False,False,≤5,3,condition|prix_taxe,reconstruit,4498
34625,2023-11-23,symfony_adapter|symfony_bundle,2,4,False,True,6-20,18,hook|multiboutique,reconstruit,5219
34598,2023-11-20,symfony_adapter,1,1,False,False,≤5,2,autre,reconstruit,2415
34450,2023-11-08,legacy_classes,1,1,False,False,≤5,4,conversion_echappement|requete_sql,reconstruit,4097
34441,2023-11-02,symfony_adapter,1,1,False,False,≤5,3,condition,reconstruit,4797
34376,2023-11-06,symfony_adapter,1,1,False,False,≤5,2,condition|garde_null_vide,reconstruit,3816
34370,2023-12-05,legacy_classes,1,1,False,False,≤5,1,autre,reconstruit,4536
34351,2023-10-23,legacy_controllers,1,1,False,False,≤5,2,autre,reconstruit,3643
34343,2023-10-26,js,3,3,False,True,6-20,19,condition,reconstruit,3521
34317,2023-11-20,symfony_adapter,1,3,False,False,21-60,25,prix_taxe|traduction,reconstruit,3161
34305,2023-10-19,symfony_bundle,1,0,False,False,6-20,9,condition,reconstruit,3272
34235,2023-10-12,templates,1,0,False,False,≤5,2,template|traduction,reconstruit,1738
34207,2023-10-17,legacy_controllers,1,1,False,False,≤5,2,condition|garde_null_vide,reconstruit,4223
34153,2023-10-04,symfony_bundle,2,1,False,True,6-20,8,autre,reconstruit,4383
34078,2023-09-29,autre|legacy_classes|symfony_core,3,4,True,True,21-60,33,condition|signature,reconstruit,5706
34060,2023-09-26,legacy_controllers,1,1,False,False,≤5,5,condition,reconstruit,2672
33964,2023-09-20,legacy_classes,1,1,False,False,21-60,22,condition|prix_taxe,reconstruit,5014
33930,2023-09-18,legacy_classes,1,1,False,False,≤5,4,condition|prix_taxe,reconstruit,4122
33928,2023-09-20,legacy_controllers,1,1,False,False,6-20,8,autre,reconstruit,2832
33909,2023-09-12,js,1,0,False,False,≤5,4,condition,reconstruit,1534
33860,2023-09-07,autre|symfony_adapter,3,2,False,True,21-60,28,condition|conversion_echappement|signature,reconstruit,3250
33771,2023-09-07,legacy_classes,1,1,False,False,≤5,2,autre,reconstruit,3738
33660,2023-08-21,legacy_controllers,1,2,False,False,6-20,17,autre,reconstruit,6024
33643,2023-08-17,js,1,2,False,False,6-20,8,condition,reconstruit,2437
33608,2023-08-15,legacy_classes,1,1,False,False,≤5,2,autre,reconstruit,5151
33573,2023-08-14,symfony_bundle,1,1,False,False,6-20,8,autre,reconstruit,3979
33563,2023-08-11,legacy_classes,1,1,False,False,21-60,30,condition,reconstruit,5403
33495,2023-07-31,symfony_adapter,1,1,False,False,≤5,3,condition|formulaire_validation|garde_null_vide,reconstruit,4503
33458,2023-07-28,js,2,1,False,True,6-20,17,condition|multiboutique,reconstruit,3167
33428,2023-07-31,legacy_controllers,1,2,False,False,21-60,21,condition|signature,reconstruit,5950
33388,2023-07-27,legacy_controllers,1,1,False,False,≤5,3,condition,reconstruit,3311
33387,2023-07-31,symfony_adapter,1,1,False,False,6-20,17,condition,reconstruit,2901
33350,2023-07-27,config|js|symfony_core,3,2,False,True,21-60,21,condition,reconstruit,3083
33255,2023-07-17,legacy_controllers,1,1,False,False,6-20,15,multiboutique|requete_sql|signature,reconstruit,3684
33236,2023-07-14,symfony_bundle,1,0,False,False,≤5,2,autre,reconstruit,1473
33212,2023-07-21,legacy_classes,1,1,False,False,≤5,5,condition|garde_null_vide,reconstruit,5644
33164,2023-07-13,symfony_bundle,1,1,False,False,≤5,2,autre,reconstruit,1711
33156,2023-07-12,legacy_classes,2,3,False,True,6-20,15,condition|conversion_echappement,reconstruit,7615
33152,2023-07-20,js|legacy_controllers,2,2,False,True,21-60,47,condition|conversion_echappement,reconstruit,4282
33151,2023-07-10,legacy_controllers,1,1,False,False,6-20,10,autre,reconstruit,4733
33136,2023-07-19,config,1,1,False,False,6-20,12,conversion_echappement,reconstruit,4456
33133,2023-07-07,symfony_bundle,1,1,False,False,6-20,6,cache|requete_sql,reconstruit,2756
33113,2023-07-27,legacy_classes,1,1,False,False,6-20,6,condition|conversion_echappement|garde_null_vide,reconstruit,4126
33107,2023-07-05,js,1,1,False,False,≤5,2,autre,reconstruit,1799
33089,2023-07-10,symfony_bundle,1,0,False,False,≤5,2,condition|garde_null_vide,reconstruit,1702
33083,2023-07-07,legacy_classes,1,1,False,False,6-20,8,hook,reconstruit,5298
33078,2023-07-04,js,1,1,False,False,≤5,2,condition,reconstruit,1280
33043,2023-07-05,symfony_adapter,2,2,False,True,6-20,20,prix_taxe,reconstruit,7542
33008,2023-07-17,symfony_adapter|symfony_bundle|symfony_core,3,3,False,True,6-20,14,traduction,reconstruit,7143
32946,2023-06-23,legacy_classes,1,1,False,False,≤5,4,conversion_echappement,reconstruit,5056
32906,2023-06-15,symfony_core,1,1,False,False,≤5,2,formulaire_validation,reconstruit,3653
32885,2023-07-27,config|js|symfony_core,3,2,False,True,6-20,20,condition,reconstruit,3043
32840,2023-06-08,legacy_classes,1,1,False,False,≤5,2,autre,reconstruit,4034
32790,2023-06-02,config,1,1,False,False,≤5,4,condition|garde_null_vide,reconstruit,2534
32754,2023-06-01,autre,1,1,False,False,6-20,9,condition|conversion_echappement|garde_null_vide,reconstruit,3564
32715,2023-05-29,config,1,2,False,False,6-20,19,signature,reconstruit,4478
32701,2023-06-12,legacy_classes,1,1,False,False,≤5,2,conversion_echappement,reconstruit,3559
32671,2023-05-23,js,1,1,False,False,≤5,5,autre,reconstruit,2646
32664,2023-05-23,js,1,1,False,False,≤5,4,condition,reconstruit,2742
32657,2023-05-23,symfony_bundle,1,1,False,False,≤5,1,autre,reconstruit,3892
32656,2023-05-23,legacy_controllers,1,1,False,False,≤5,2,traduction,reconstruit,4923
32631,2023-06-27,symfony_adapter,1,2,False,False,6-20,7,conversion_echappement|signature,reconstruit,4813
32615,2023-06-13,symfony_adapter,2,4,False,True,6-20,14,requete_sql|signature,reconstruit,6649
32596,2023-06-21,autre|symfony_adapter,2,2,False,True,6-20,20,condition,reconstruit,3640
32589,2023-05-17,symfony_bundle,1,1,False,False,≤5,2,autre,reconstruit,2055
32540,2023-07-12,symfony_bundle|symfony_core,2,1,False,True,≤5,4,autre,reconstruit,3095
32535,2023-05-15,legacy_classes,1,1,False,False,≤5,4,condition|garde_null_vide,reconstruit,3708
32515,2023-05-12,config,1,1,False,False,≤5,3,condition|conversion_echappement,reconstruit,2029
32506,2023-05-11,symfony_bundle,1,1,False,False,≤5,1,autre,reconstruit,3083
32492,2023-05-12,legacy_classes,1,1,False,False,≤5,2,condition,reconstruit,3999
32465,2023-05-09,legacy_controllers,1,1,False,False,≤5,1,autre,reconstruit,2792
32424,2023-05-15,js,1,0,False,False,6-20,15,condition|signature,reconstruit,1731
32406,2023-05-03,autre,1,1,False,False,≤5,1,autre,reconstruit,1630
32345,2023-05-03,legacy_controllers,1,1,False,False,≤5,3,condition,reconstruit,2245
32339,2023-04-26,templates,1,0,False,False,≤5,4,template,reconstruit,2533
32290,2023-05-06,legacy_classes,1,1,False,False,6-20,6,autre,reconstruit,2588
32215,2023-04-20,legacy_classes,1,1,False,False,≤5,1,autre,reconstruit,4349
32201,2023-04-20,symfony_core,1,1,False,False,≤5,2,condition|garde_null_vide,reconstruit,2405
32199,2023-04-20,symfony_adapter,1,3,False,False,21-60,27,condition|conversion_echappement|requete_sql|signature,reconstruit,5796
32136,2023-04-20,js,1,1,False,False,≤5,1,autre,reconstruit,2411
32116,2023-04-13,js,3,3,False,True,21-60,28,prix_taxe,reconstruit,2388
32112,2023-04-11,legacy_classes,1,1,False,False,6-20,13,cache|condition|hook|signature,reconstruit,4004
32061,2023-04-06,legacy_controllers,1,1,False,False,6-20,13,condition,reconstruit,5148
32044,2023-04-07,legacy_classes,1,1,False,False,6-20,6,prix_taxe,reconstruit,5059
32042,2023-04-12,symfony_bundle,1,1,False,False,≤5,2,autre,reconstruit,3911
32028,2023-04-07,symfony_adapter,1,1,False,False,≤5,4,condition|multiboutique,reconstruit,2795
31823,2023-03-22,legacy_classes|sql_install|symfony_bundle,3,0,True,True,6-20,13,autre,reconstruit,3333
31772,2023-03-14,symfony_bundle,2,2,False,True,6-20,18,formulaire_validation|traduction,reconstruit,7693
31752,2023-03-30,legacy_classes,1,2,False,False,6-20,14,condition|conversion_echappement|requete_sql|signature,reconstruit,4175
31729,2023-03-29,legacy_controllers,1,1,False,False,≤5,5,conversion_echappement|requete_sql|traduction,reconstruit,3318
31703,2023-03-10,legacy_controllers,1,1,False,False,≤5,2,condition,reconstruit,3025
31682,2023-03-09,symfony_bundle,1,1,False,False,≤5,2,conversion_echappement,reconstruit,3552
31667,2023-03-07,symfony_adapter,1,1,False,False,6-20,9,autre,reconstruit,2804
31666,2023-05-29,symfony_bundle,1,2,False,False,6-20,7,condition|signature|traduction,reconstruit,4356
31654,2023-03-06,config,1,1,False,False,21-60,49,condition|garde_null_vide|traduction,reconstruit,3226
31637,2023-07-26,autre|legacy_classes,2,1,False,True,6-20,10,autre,reconstruit,4172
31620,2023-03-13,legacy_controllers,1,1,False,False,21-60,46,garde_null_vide,reconstruit,3926
18697,2020-04-28,legacy_classes,1,1,False,False,≤5,2,condition|conversion_echappement,reconstruit,4471
15030,2019-08-12,symfony_adapter|symfony_bundle,2,3,False,True,6-20,13,signature,reconstruit,2567
14727,2019-08-20,legacy_classes,1,1,False,False,≤5,5,autre,reconstruit,2378
14450,2019-07-03,symfony_bundle,1,1,False,False,6-20,14,condition,reconstruit,2745
25111,2021-06-24,legacy_classes|symfony_adapter,2,3,True,True,21-60,38,condition|multiboutique|requete_sql|signature,reconstruit,5792
25082,2021-06-22,symfony_bundle|symfony_core,2,1,False,True,≤5,3,autre,reconstruit,4298
25004,2021-06-19,legacy_controllers|symfony_bundle,2,2,True,True,6-20,18,autre,reconstruit,4002
24982,2021-06-29,symfony_core,1,2,False,False,6-20,17,requete_sql,reconstruit,4487
24920,2021-06-14,templates,1,0,False,False,≤5,1,template,reconstruit,3334
24899,2021-06-14,legacy_controllers,1,1,False,False,≤5,2,condition|traduction,reconstruit,4851
24890,2021-06-19,admin_legacy|symfony_bundle,2,0,True,True,>60,87,condition|garde_null_vide|prix_taxe,reconstruit,3593
24848,2021-06-11,admin_legacy|js,2,1,False,True,6-20,14,condition,reconstruit,3253
24823,2021-06-15,symfony_adapter|symfony_core,2,4,False,True,6-20,17,condition|garde_null_vide|signature,reconstruit,5210
24821,2021-06-10,symfony_bundle|symfony_core,2,1,False,True,6-20,7,signature,reconstruit,2083
24796,2021-06-10,legacy_controllers,1,1,False,False,6-20,6,condition|conversion_echappement|requete_sql|signature|traduction,reconstruit,2947
24782,2021-06-03,legacy_classes,1,1,False,False,≤5,2,condition|formulaire_validation|garde_null_vide,reconstruit,3997
24773,2021-06-14,symfony_bundle,1,0,False,False,6-20,13,autre,reconstruit,3732
24762,2021-06-14,autre|symfony_adapter,2,1,False,True,>60,88,condition|garde_null_vide|prix_taxe,reconstruit,4084
24754,2021-06-25,autre|legacy_classes,2,1,False,True,21-60,32,condition|conversion_echappement|garde_null_vide|prix_taxe,reconstruit,6504
24736,2021-06-02,autre|symfony_bundle,2,3,False,True,6-20,11,condition|signature,reconstruit,5782
24718,2021-06-01,js,1,1,False,False,≤5,2,autre,reconstruit,1658
24696,2021-06-01,symfony_bundle,1,0,False,False,≤5,4,autre,reconstruit,6166
24688,2021-06-04,symfony_bundle,3,3,False,True,≤5,3,autre,reconstruit,7141
24679,2021-05-31,autre|symfony_adapter,2,3,False,True,>60,104,condition|prix_taxe|signature,reconstruit,7019
24665,2021-06-08,js,1,1,False,False,≤5,5,autre,reconstruit,4017
24632,2021-05-25,symfony_bundle,1,2,False,False,6-20,6,autre,reconstruit,2365
24611,2021-05-25,legacy_classes,2,2,False,True,≤5,5,condition|garde_null_vide,reconstruit,5910
24610,2021-05-25,templates,1,0,False,False,≤5,2,condition|garde_null_vide|template,reconstruit,2081
24594,2021-06-01,js,1,1,False,False,6-20,6,autre,reconstruit,1741
24576,2021-05-26,symfony_bundle,1,1,False,False,≤5,2,garde_null_vide,reconstruit,3132
24568,2021-05-20,autre|symfony_adapter,3,2,False,True,6-20,18,condition,reconstruit,7122
24565,2021-05-25,js|symfony_bundle,3,1,False,True,6-20,13,autre,reconstruit,6340
24555,2021-05-27,symfony_bundle,1,1,False,False,≤5,3,autre,reconstruit,3514
24527,2021-05-20,legacy_controllers,1,1,False,False,6-20,10,traduction,reconstruit,2677
24525,2021-05-19,symfony_adapter,1,2,False,False,6-20,6,multiboutique,reconstruit,3947
24485,2021-05-25,js,1,3,False,False,6-20,6,autre,reconstruit,2356
24461,2021-05-12,js,1,0,False,False,6-20,20,autre,reconstruit,4520
24457,2021-05-12,templates,1,0,False,False,≤5,4,condition|prix_taxe|template,reconstruit,3190
24456,2021-05-17,js,1,1,False,False,≤5,4,condition,reconstruit,1685
24427,2021-05-19,autre|symfony_adapter,3,2,False,True,>60,119,cache|condition|garde_null_vide|prix_taxe|signature,reconstruit,4759
24379,2021-05-10,legacy_classes,1,1,False,False,6-20,8,condition|garde_null_vide,reconstruit,4075
24356,2021-05-10,js,1,1,False,False,≤5,4,autre,reconstruit,4122
24355,2021-05-26,symfony_bundle,1,1,False,False,>60,117,condition|garde_null_vide|multiboutique|signature,reconstruit,4905
24353,2021-05-07,templates,1,0,False,False,≤5,2,template,reconstruit,1942
24325,2021-05-04,templates,1,0,False,False,6-20,6,template,reconstruit,1719
24286,2021-05-04,legacy_classes,1,1,False,False,≤5,1,cache|conversion_echappement,reconstruit,3999
24274,2021-05-04,symfony_core,1,2,False,False,≤5,4,prix_taxe,reconstruit,3212
24270,2021-05-05,legacy_controllers,1,2,False,False,6-20,9,condition|formulaire_validation|garde_null_vide,reconstruit,3123
24269,2021-05-05,templates,1,0,False,False,6-20,10,template,reconstruit,3431
24248,2021-04-30,templates,1,0,False,False,21-60,50,condition|conversion_echappement|template,reconstruit,2799
24247,2021-04-30,js,2,2,False,True,≤5,2,autre,reconstruit,3901
24187,2021-04-27,config|legacy_classes,2,0,False,True,6-20,6,autre,reconstruit,1511
24184,2021-04-27,symfony_bundle,2,2,False,True,≤5,4,autre,reconstruit,4528
24183,2021-04-27,symfony_bundle,1,0,False,False,≤5,3,condition,reconstruit,3108
24155,2021-04-30,legacy_classes,2,2,False,True,≤5,4,autre,reconstruit,3831
24119,2021-05-05,legacy_classes,1,1,False,False,≤5,4,condition,reconstruit,5030
24116,2021-05-07,symfony_adapter,1,1,False,False,≤5,3,autre,reconstruit,3893
24094,2021-04-19,legacy_controllers,1,1,False,False,6-20,10,condition|traduction,reconstruit,5126
24072,2021-04-19,symfony_bundle,1,1,False,False,≤5,2,condition|garde_null_vide,reconstruit,5141
24017,2021-04-14,autre|symfony_core,5,1,False,True,>60,97,condition|conversion_echappement|signature,reconstruit,1622
24005,2021-04-12,js,1,1,False,False,≤5,2,autre,reconstruit,2090
23995,2021-04-12,symfony_core,1,1,False,False,≤5,2,formulaire_validation|prix_taxe,reconstruit,2753
23925,2021-04-09,symfony_bundle,1,1,False,False,≤5,3,condition|garde_null_vide,reconstruit,3951
23857,2021-04-12,autre|symfony_bundle,2,2,False,True,>60,86,condition|signature|traduction,reconstruit,2664
23846,2021-04-09,js,1,0,False,False,≤5,2,autre,reconstruit,1525
23844,2021-04-02,js,1,1,False,False,≤5,2,autre,reconstruit,2144
23811,2021-03-30,symfony_bundle,2,1,False,True,21-60,23,condition|conversion_echappement,reconstruit,6304
23802,2021-03-31,templates,1,0,False,False,≤5,2,prix_taxe|template|traduction,reconstruit,1927
23789,2021-03-30,autre|legacy_classes,2,4,False,True,21-60,44,condition|formulaire_validation|garde_null_vide|signature,reconstruit,6261
23752,2021-03-26,legacy_classes,1,1,False,False,≤5,1,conversion_echappement,reconstruit,1949
23694,2021-03-19,symfony_bundle,1,1,False,False,≤5,1,autre,reconstruit,3185
23630,2021-03-18,templates,1,0,False,False,6-20,6,condition|garde_null_vide|template,reconstruit,3313
23584,2021-03-16,legacy_controllers,1,1,False,False,6-20,8,prix_taxe,reconstruit,5748
23583,2021-03-31,templates,1,0,False,False,≤5,2,template,reconstruit,1514
23541,2021-03-08,templates,1,0,False,False,≤5,4,conversion_echappement|template,reconstruit,2443
23499,2021-03-09,js,1,5,False,False,21-60,47,condition,reconstruit,5177
23483,2021-03-09,admin_legacy|symfony_bundle,2,0,True,True,21-60,48,autre,reconstruit,2099
23425,2021-03-01,legacy_controllers,1,1,False,False,≤5,2,autre,reconstruit,2792
23407,2021-03-01,legacy_classes,1,1,False,False,≤5,2,condition|formulaire_validation|garde_null_vide,reconstruit,4624
23406,2021-03-02,legacy_classes,1,1,False,False,≤5,2,conversion_echappement|garde_null_vide,reconstruit,3668
23405,2021-03-04,legacy_classes,1,1,False,False,≤5,4,garde_null_vide,reconstruit,4781
23388,2021-03-02,autre|templates,2,0,False,True,6-20,12,template,reconstruit,2137
23289,2021-02-18,symfony_adapter|symfony_bundle,2,3,False,True,21-60,27,conversion_echappement|prix_taxe,reconstruit,5267
23234,2021-03-02,symfony_bundle,2,2,False,True,≤5,4,autre,reconstruit,5337
23177,2021-02-10,js,1,1,False,False,≤5,1,autre,reconstruit,1625
23169,2021-03-09,legacy_classes,1,2,False,False,≤5,5,requete_sql,reconstruit,4932
23142,2021-02-24,legacy_classes|legacy_controllers,2,2,False,True,21-60,40,condition|conversion_echappement|garde_null_vide|requete_sql|signature|traduction,reconstruit,7079
8738,2021-03-17,templates,1,0,False,False,21-60,52,condition|prix_taxe|template|traduction,reconstruit,2500
27091,2021-12-25,legacy_controllers,1,1,False,False,≤5,4,conversion_echappement|signature,reconstruit,2880
27066,2021-12-24,symfony_adapter,1,1,False,False,≤5,4,autre,reconstruit,2076
27057,2021-12-22,legacy_classes,1,1,False,False,≤5,1,autre,reconstruit,3876
27035,2021-12-22,symfony_adapter,1,1,False,False,6-20,6,autre,reconstruit,2372
27014,2021-12-17,js,1,1,False,False,≤5,1,autre,reconstruit,1695
26994,2021-12-22,autre|legacy_classes,2,2,False,True,21-60,22,condition|formulaire_validation|multiboutique|signature,reconstruit,4360
26987,2021-12-16,js|symfony_bundle,2,1,False,True,≤5,4,condition,reconstruit,4365
26954,2021-12-28,legacy_controllers,1,1,False,False,6-20,7,condition|multiboutique,reconstruit,3779
26823,2021-12-03,js|templates,3,1,False,True,6-20,10,condition|garde_null_vide|template,reconstruit,6221
26703,2021-12-13,js,1,1,False,False,≤5,1,autre,reconstruit,2438
26699,2021-11-29,symfony_adapter,1,6,False,False,6-20,20,signature,reconstruit,6245
26658,2021-11-23,templates,1,0,False,False,≤5,1,template,reconstruit,1226
26561,2021-12-01,autre|symfony_bundle,2,1,False,True,>60,71,condition|signature,reconstruit,3004
26526,2021-11-16,templates,1,0,False,False,21-60,26,template,reconstruit,2601
26492,2021-11-02,templates,1,0,False,False,≤5,4,template,reconstruit,2296
26447,2021-10-29,js,3,1,False,True,6-20,15,autre,reconstruit,4592
26434,2021-10-27,js,1,0,False,False,≤5,4,autre,reconstruit,1510
26415,2021-11-05,legacy_classes,1,1,False,False,≤5,1,autre,reconstruit,3747
26414,2021-10-26,legacy_controllers,1,1,False,False,≤5,2,condition,reconstruit,2855
26410,2021-10-26,js,1,1,False,False,6-20,10,condition,reconstruit,3706
26394,2021-10-25,autre|templates,2,0,False,True,6-20,6,template,reconstruit,2816
26392,2021-10-27,js,1,1,False,False,≤5,2,autre,reconstruit,2085
26380,2021-10-25,js,1,1,False,False,6-20,10,condition,reconstruit,3671
26365,2021-10-27,templates,1,0,False,False,≤5,2,template,reconstruit,2819
26358,2021-10-22,templates,1,0,False,False,≤5,2,template,reconstruit,3465
26289,2021-10-26,js,1,1,False,False,≤5,2,autre,reconstruit,2360
26241,2021-10-25,symfony_core,1,1,False,False,≤5,5,autre,reconstruit,4090
26221,2021-10-26,symfony_core,1,4,False,False,21-60,33,condition|garde_null_vide|requete_sql|signature,reconstruit,5728
26201,2021-10-20,legacy_classes,1,1,False,False,≤5,3,requete_sql,reconstruit,4844
26188,2021-11-03,autre|symfony_bundle,2,3,False,True,6-20,7,autre,reconstruit,3678
26145,2021-10-27,js,1,1,False,False,6-20,12,condition,reconstruit,4651
26068,2021-10-27,legacy_classes,1,1,False,False,≤5,5,autre,reconstruit,3931
26047,2021-10-01,legacy_classes|symfony_adapter,2,2,True,True,6-20,12,condition|conversion_echappement|garde_null_vide|multiboutique|prix_taxe,reconstruit,6296
25987,2021-09-28,templates,1,0,False,False,≤5,2,template,reconstruit,1443
25982,2021-09-28,legacy_classes|sql_install,2,3,False,True,≤5,5,autre,reconstruit,4781
25972,2021-10-28,legacy_classes|legacy_controllers,2,3,False,True,21-60,21,condition|garde_null_vide|signature,reconstruit,7868
25961,2021-09-29,legacy_classes,1,3,False,False,6-20,10,condition|conversion_echappement,reconstruit,5327
25904,2021-09-24,symfony_bundle,1,0,False,False,≤5,1,autre,reconstruit,2092
25900,2021-09-21,js,1,1,False,False,≤5,2,multiboutique,reconstruit,1646
25898,2021-09-17,js,1,1,False,False,≤5,2,autre,reconstruit,3976
25882,2021-10-13,legacy_classes|templates,3,1,False,True,6-20,6,condition|template,reconstruit,6002
25858,2021-09-20,legacy_controllers,1,1,False,False,≤5,2,condition,reconstruit,4548
25856,2021-10-14,templates,1,0,False,False,21-60,22,condition|conversion_echappement|template,reconstruit,2685
25834,2021-10-04,legacy_controllers,1,5,False,False,21-60,32,condition|conversion_echappement|multiboutique|requete_sql|signature|traduction,reconstruit,5741
25822,2021-10-12,symfony_bundle|symfony_core,2,3,False,True,21-60,22,conversion_echappement|signature,reconstruit,7039
25818,2021-11-16,legacy_classes,1,1,False,False,≤5,2,autre,reconstruit,5126
25787,2021-10-21,symfony_adapter,1,1,False,False,≤5,2,autre,reconstruit,4411
25784,2021-09-08,legacy_classes,1,1,False,False,≤5,4,autre,reconstruit,3807
25776,2021-09-27,autre|symfony_bundle|symfony_core,5,4,False,True,>60,116,condition|formulaire_validation|signature,reconstruit,4726
25760,2021-09-27,autre|legacy_classes|symfony_adapter,3,4,True,True,21-60,45,condition|garde_null_vide|requete_sql|signature,reconstruit,7086
25749,2021-09-02,js,1,6,False,False,6-20,12,autre,reconstruit,6097
25725,2021-09-10,symfony_core,1,1,False,False,≤5,3,condition,reconstruit,2765
25665,2021-08-20,js,1,1,False,False,≤5,2,autre,reconstruit,2488
25635,2021-08-20,templates,1,0,False,False,≤5,2,template,reconstruit,1616
25629,2021-08-17,legacy_classes,1,1,False,False,6-20,6,requete_sql,reconstruit,5820
25613,2021-08-17,legacy_classes,1,1,False,False,≤5,2,autre,reconstruit,3772
25572,2021-08-16,autre|symfony_core,4,1,False,True,6-20,12,condition,reconstruit,4203
25564,2021-08-25,legacy_classes,1,1,False,False,21-60,25,condition|conversion_echappement|multiboutique|requete_sql,reconstruit,4994
25558,2021-08-25,autre|symfony_bundle,2,2,False,True,>60,69,condition|signature,reconstruit,2330
25551,2021-09-29,templates,1,0,False,False,6-20,15,condition|conversion_echappement|garde_null_vide|template,reconstruit,2793
25548,2021-08-18,templates,1,0,False,False,6-20,10,template,reconstruit,2739
25523,2021-09-13,symfony_adapter,1,1,False,False,≤5,2,autre,reconstruit,4724
25501,2021-11-12,config,1,1,False,False,≤5,3,autre,reconstruit,3407
25495,2021-08-03,legacy_classes,1,1,False,False,≤5,2,condition|garde_null_vide,reconstruit,4005
25491,2021-08-20,sql_install|symfony_adapter,3,1,False,True,6-20,13,condition|hook,reconstruit,3674
25465,2021-08-07,js,1,1,False,False,6-20,8,autre,reconstruit,2132
25439,2021-07-30,legacy_controllers|symfony_bundle,2,2,True,True,≤5,2,traduction,reconstruit,6392
25413,2021-07-26,legacy_classes,1,6,False,False,21-60,23,condition|signature,reconstruit,5524
25388,2021-09-17,templates,1,0,False,False,≤5,2,prix_taxe|template|traduction,reconstruit,2749
25375,2021-07-21,symfony_adapter,1,1,False,False,≤5,2,conversion_echappement,reconstruit,4031
25316,2021-07-21,js,1,1,False,False,6-20,8,autre,reconstruit,2645
25305,2021-07-30,legacy_controllers,1,1,False,False,≤5,2,condition|garde_null_vide,reconstruit,2967
25302,2021-09-01,legacy_controllers,1,1,False,False,6-20,13,condition|conversion_echappement|garde_null_vide,reconstruit,3279
25295,2021-07-22,legacy_controllers,1,2,False,False,21-60,26,condition|conversion_echappement|garde_null_vide|signature|traduction,reconstruit,3584
25291,2021-10-08,js,1,1,False,False,≤5,4,condition,reconstruit,2183
25286,2021-07-13,autre|legacy_classes,5,5,False,True,>60,102,condition|conversion_echappement|garde_null_vide|prix_taxe|requete_sql|signature,reconstruit,6062
25205,2021-08-17,symfony_bundle,1,0,False,False,≤5,4,autre,reconstruit,1876
25139,2021-07-28,templates,1,0,False,False,≤5,2,template,reconstruit,1362
25107,2021-07-08,symfony_bundle,1,1,False,False,6-20,16,traduction,reconstruit,5173
25106,2021-07-08,autre|legacy_classes,2,7,False,True,>60,123,condition|formulaire_validation|garde_null_vide|requete_sql|signature,reconstruit,5698
24780,2021-11-09,legacy_controllers,1,1,False,False,6-20,6,condition|conversion_echappement|garde_null_vide,reconstruit,6846
24707,2021-10-28,legacy_classes,2,2,False,True,6-20,14,condition|conversion_echappement|garde_null_vide,reconstruit,6926
24491,2021-08-25,legacy_classes,1,1,False,False,6-20,6,conversion_echappement|multiboutique,reconstruit,5497
24120,2021-12-09,symfony_bundle,1,1,False,False,6-20,15,multiboutique|requete_sql,reconstruit,2037
23698,2021-07-15,templates,1,0,False,False,≤5,2,template,reconstruit,1801
28821,2022-06-29,autre|symfony_core,3,3,False,True,21-60,31,condition|garde_null_vide|prix_taxe|signature,reconstruit,4446
28763,2022-06-16,symfony_bundle,1,1,False,False,≤5,1,autre,reconstruit,4401
28722,2022-06-15,legacy_classes,1,1,False,False,≤5,3,condition|multiboutique,reconstruit,4537
28613,2022-06-15,symfony_core,1,1,False,False,6-20,10,condition,reconstruit,1803
28458,2022-05-17,legacy_classes,1,1,False,False,≤5,5,condition|conversion_echappement|garde_null_vide,reconstruit,3706
28447,2022-05-09,legacy_classes,1,1,False,False,≤5,4,autre,reconstruit,4644
28445,2022-06-01,symfony_core,2,4,False,True,21-60,40,cache|condition|multiboutique|signature,reconstruit,5230
28426,2022-05-17,templates,1,0,False,False,6-20,6,template,reconstruit,2433
28358,2022-05-06,symfony_bundle,1,1,False,False,6-20,13,autre,reconstruit,3250
28332,2022-05-06,symfony_adapter,1,1,False,False,6-20,6,autre,reconstruit,2113
28315,2022-05-18,autre|symfony_adapter,2,4,False,True,>60,107,condition|conversion_echappement|requete_sql|signature|traduction,reconstruit,4029
28314,2022-04-26,js,1,1,False,False,6-20,7,condition,reconstruit,2946
28301,2022-04-27,legacy_controllers,1,1,False,False,≤5,2,autre,reconstruit,4351
28281,2022-04-21,js,1,2,False,False,≤5,5,condition,reconstruit,3856
28266,2022-05-18,autre|symfony_bundle|symfony_core,4,5,False,True,>60,63,condition|formulaire_validation|signature|traduction,reconstruit,7551
28258,2022-04-25,js|sql_install|symfony_bundle,4,5,False,True,21-60,29,condition|garde_null_vide|requete_sql|traduction,reconstruit,4742
28237,2022-04-19,legacy_classes,1,1,False,False,6-20,6,conversion_echappement,reconstruit,3626
28225,2022-04-14,symfony_bundle,1,0,False,False,≤5,4,autre,reconstruit,2092
28118,2022-04-07,js|symfony_bundle,3,1,False,True,6-20,7,condition|garde_null_vide,reconstruit,4767
28117,2022-04-07,legacy_classes,1,1,False,False,6-20,6,autre,reconstruit,4878
28112,2022-04-04,symfony_adapter,1,1,False,False,≤5,3,condition,reconstruit,2987
28104,2022-04-06,legacy_classes,1,1,False,False,≤5,5,autre,reconstruit,5137
28103,2022-05-02,autre,1,1,False,False,≤5,4,autre,reconstruit,3655
28094,2022-04-14,legacy_classes,1,3,False,False,6-20,12,condition|garde_null_vide,reconstruit,4106
28052,2022-03-31,legacy_classes,1,1,False,False,≤5,2,autre,reconstruit,1387
28031,2022-03-31,symfony_core,1,1,False,False,6-20,12,condition|formulaire_validation|garde_null_vide,reconstruit,2710
28022,2022-03-24,symfony_bundle|symfony_core,2,2,False,True,21-60,38,formulaire_validation|multiboutique|prix_taxe|traduction,reconstruit,5835
27931,2022-03-21,symfony_bundle,1,1,False,False,≤5,3,condition,reconstruit,4171
27922,2022-03-28,legacy_classes,1,1,False,False,≤5,2,conversion_echappement,reconstruit,4145
27889,2022-03-14,js,1,1,False,False,≤5,5,autre,reconstruit,1553
27874,2022-03-15,legacy_classes,1,1,False,False,≤5,4,autre,reconstruit,4465
27868,2022-03-16,legacy_classes,1,1,False,False,≤5,4,condition|garde_null_vide,reconstruit,2339
27850,2022-03-14,admin_legacy|js,3,2,False,True,6-20,16,signature,reconstruit,2963
27848,2022-03-10,js,1,1,False,False,≤5,3,condition,reconstruit,1578
27841,2022-06-27,legacy_classes|symfony_core,2,8,True,True,>60,79,condition|conversion_echappement|multiboutique|requete_sql|signature,reconstruit,6426
27822,2022-03-09,autre|legacy_classes,3,3,False,True,6-20,13,condition|formulaire_validation|garde_null_vide,reconstruit,4400
27814,2022-03-14,templates,1,0,False,False,≤5,4,template,reconstruit,1428
27806,2022-04-05,symfony_bundle,1,2,False,False,6-20,15,condition,reconstruit,4680
27793,2022-03-11,legacy_classes|symfony_bundle,2,3,True,True,21-60,31,conversion_echappement|formulaire_validation|traduction,reconstruit,6969
27781,2022-03-25,legacy_controllers,1,1,False,False,≤5,1,autre,reconstruit,6590
27776,2022-03-09,js,2,2,False,True,6-20,6,autre,reconstruit,3588
27748,2022-02-21,symfony_bundle,1,0,False,False,≤5,5,autre,reconstruit,1930
27738,2022-05-12,legacy_classes,1,1,False,False,6-20,9,autre,reconstruit,4225
27722,2022-02-21,autre|symfony_adapter,2,4,False,True,21-60,24,signature|traduction,reconstruit,2628
27698,2022-02-18,symfony_bundle,1,1,False,False,≤5,1,autre,reconstruit,2816
27643,2022-06-22,templates,2,0,False,True,6-20,10,template,reconstruit,4361
27560,2022-02-03,symfony_bundle,1,0,False,False,6-20,8,autre,reconstruit,1703
27555,2022-03-31,legacy_classes,1,1,False,False,≤5,2,autre,reconstruit,3478
27459,2022-02-08,legacy_classes|legacy_controllers,2,2,False,True,6-20,6,conversion_echappement|requete_sql,reconstruit,6146
27457,2022-01-26,symfony_bundle,1,1,False,False,6-20,6,formulaire_validation,reconstruit,2923
27446,2022-02-02,symfony_adapter|templates,2,1,False,True,≤5,3,conversion_echappement|template,reconstruit,3721
27429,2022-01-27,symfony_bundle,1,0,False,False,≤5,2,autre,reconstruit,1495
27406,2022-02-16,legacy_classes,1,1,False,False,6-20,7,condition|requete_sql,reconstruit,4581
27394,2022-03-07,admin_legacy|templates,3,0,False,True,>60,102,condition|conversion_echappement|garde_null_vide|template|traduction,reconstruit,4978
27389,2022-01-29,symfony_bundle,1,0,False,False,≤5,4,autre,reconstruit,2490
27376,2022-01-30,legacy_classes,1,1,False,False,≤5,2,autre,reconstruit,3490
27374,2022-01-29,legacy_classes,1,1,False,False,≤5,2,conversion_echappement,reconstruit,3700
27339,2022-01-14,symfony_bundle,1,0,False,False,≤5,2,condition,reconstruit,3016
27317,2022-01-12,js,1,0,False,False,6-20,6,condition,reconstruit,2083
27308,2022-05-11,symfony_bundle,1,0,False,False,≤5,4,autre,reconstruit,1593
27285,2022-01-21,admin_legacy|js,2,1,False,True,6-20,10,autre,reconstruit,2843
27276,2022-02-16,autre|symfony_bundle,5,6,False,True,21-60,29,signature,reconstruit,5266
27228,2022-02-17,js,1,1,False,False,≤5,2,autre,reconstruit,1642
27225,2022-01-27,symfony_bundle,1,0,False,False,21-60,41,autre,reconstruit,3256
27175,2022-02-16,symfony_bundle,1,5,False,False,21-60,24,autre,reconstruit,5885
26748,2022-01-27,autre|legacy_classes,2,3,False,True,21-60,36,cache|condition|conversion_echappement|garde_null_vide|requete_sql|signature,reconstruit,6329
31455,2023-02-21,symfony_bundle,1,0,False,False,≤5,1,autre,reconstruit,1769
31355,2023-02-17,js,1,0,False,False,6-20,9,autre,reconstruit,1706
31337,2023-02-27,js,1,1,False,False,6-20,8,condition,reconstruit,2070
31319,2023-02-17,legacy_controllers,2,6,False,True,6-20,20,condition|formulaire_validation|garde_null_vide,reconstruit,5542
31255,2023-02-09,symfony_bundle,1,2,False,False,6-20,8,traduction,reconstruit,6463
31247,2023-02-08,symfony_bundle,3,3,False,True,6-20,18,condition|multiboutique,reconstruit,4032
31241,2023-02-07,legacy_classes,1,1,False,False,≤5,5,condition,reconstruit,3490
31235,2023-02-07,js,1,0,False,False,≤5,1,autre,reconstruit,2976
31223,2023-02-13,legacy_classes,1,1,False,False,≤5,4,autre,reconstruit,4467
31171,2023-02-07,autre|symfony_adapter,4,4,False,True,>60,120,cache|condition|formulaire_validation|garde_null_vide|multiboutique|prix_taxe|signature,reconstruit,7085
31152,2023-02-10,legacy_classes,1,1,False,False,6-20,7,condition|conversion_echappement|garde_null_vide,reconstruit,4060
31148,2023-02-02,symfony_bundle,1,1,False,False,≤5,2,traduction,reconstruit,4014
31092,2023-02-27,config,1,3,False,False,21-60,52,condition|garde_null_vide|signature,reconstruit,3519
31032,2023-01-31,legacy_classes,1,1,False,False,≤5,2,condition,reconstruit,4171
31023,2023-02-08,legacy_classes,1,1,False,False,≤5,2,condition|garde_null_vide,reconstruit,4557
31006,2023-01-27,autre|legacy_classes|symfony_core,3,3,True,True,6-20,6,autre,reconstruit,4771
30996,2023-01-23,symfony_core,1,1,False,False,6-20,8,multiboutique|requete_sql,reconstruit,4416
30993,2023-01-25,legacy_classes,1,1,False,False,≤5,2,autre,reconstruit,5484
30959,2023-01-20,js|symfony_bundle,2,1,False,True,≤5,5,autre,reconstruit,4433
30948,2023-01-19,symfony_adapter,1,1,False,False,6-20,6,autre,reconstruit,2209
30834,2023-01-16,legacy_classes,1,1,False,False,≤5,4,requete_sql,reconstruit,5965
30831,2023-01-16,symfony_bundle,1,0,False,False,≤5,5,autre,reconstruit,2074
30818,2023-01-13,symfony_bundle,1,1,False,False,≤5,2,autre,reconstruit,2622
30745,2023-01-09,symfony_bundle,2,4,False,True,21-60,45,condition|signature,reconstruit,2633
30737,2023-01-05,symfony_bundle,1,1,False,False,6-20,7,formulaire_validation|traduction,reconstruit,6352
30730,2023-01-19,symfony_bundle,3,2,False,True,21-60,27,traduction,reconstruit,7730
30727,2023-01-09,autre|symfony_adapter|symfony_bundle,3,3,False,True,21-60,59,condition|formulaire_validation|multiboutique|prix_taxe|requete_sql|signature,reconstruit,3243
30613,2022-12-20,symfony_bundle|symfony_core,3,3,False,True,21-60,39,formulaire_validation|multiboutique,reconstruit,3675
30567,2022-12-16,autre|symfony_core,2,3,False,True,>60,94,condition|signature,reconstruit,4173
30512,2022-12-08,symfony_bundle,1,1,False,False,≤5,4,autre,reconstruit,3723
30511,2022-12-08,symfony_adapter,1,1,False,False,6-20,12,formulaire_validation,reconstruit,4148
30465,2022-12-06,legacy_classes,1,1,False,False,6-20,7,condition|garde_null_vide,reconstruit,4989
30387,2022-11-30,legacy_classes,1,1,False,False,≤5,2,condition|garde_null_vide,reconstruit,5619
30342,2022-11-18,legacy_classes,1,1,False,False,6-20,9,condition|multiboutique,reconstruit,5329
30314,2022-11-17,legacy_classes,1,1,False,False,6-20,9,condition|multiboutique,reconstruit,5351
30309,2022-11-18,legacy_classes,1,1,False,False,≤5,2,condition|garde_null_vide,reconstruit,4676
30284,2022-11-15,autre,1,1,False,False,6-20,11,autre,reconstruit,3120
30273,2022-11-21,legacy_classes,1,1,False,False,≤5,2,conversion_echappement|garde_null_vide,reconstruit,4034
30258,2022-11-15,legacy_classes,1,1,False,False,≤5,4,condition,reconstruit,4037
30252,2022-11-11,legacy_classes,1,1,False,False,≤5,4,condition|conversion_echappement,reconstruit,4647
30181,2022-11-29,js|legacy_classes|sql_install,5,3,False,True,6-20,14,condition,reconstruit,2250
30178,2022-11-10,legacy_controllers,1,1,False,False,6-20,13,condition,reconstruit,3805
30146,2022-11-10,legacy_classes,1,1,False,False,≤5,2,autre,reconstruit,3860
30114,2022-11-07,config,1,1,False,False,≤5,2,autre,reconstruit,2050
30084,2022-11-17,legacy_classes,1,1,False,False,≤5,4,condition|garde_null_vide,reconstruit,2518
29996,2022-10-24,symfony_bundle,1,1,False,False,≤5,3,condition,reconstruit,3142
29977,2022-10-28,autre|symfony_core,2,2,False,True,6-20,12,autre,reconstruit,2300
29944,2023-01-17,legacy_classes,1,1,False,False,6-20,9,autre,reconstruit,3924
29910,2022-10-10,autre|templates,2,0,False,True,6-20,7,template,reconstruit,2473
29909,2022-10-13,symfony_bundle,1,1,False,False,≤5,2,multiboutique|requete_sql,reconstruit,4308
29837,2023-01-13,symfony_bundle|symfony_core,2,3,False,True,6-20,17,condition|traduction,reconstruit,3684
29821,2022-10-18,legacy_classes,2,2,False,True,≤5,5,condition|multiboutique,reconstruit,7194
29801,2022-10-12,legacy_classes,1,3,False,False,21-60,54,condition|conversion_echappement|signature,reconstruit,5900
29762,2022-09-28,legacy_controllers,1,1,False,False,≤5,2,autre,reconstruit,3206
29756,2022-10-27,legacy_classes,2,2,False,True,≤5,5,autre,reconstruit,7369
29741,2022-10-27,legacy_classes,1,1,False,False,≤5,3,condition|garde_null_vide,reconstruit,3697
29740,2022-10-07,legacy_controllers,1,1,False,False,≤5,1,prix_taxe|traduction,reconstruit,3259
29660,2022-09-21,symfony_core,1,1,False,False,≤5,2,garde_null_vide,reconstruit,2760
29647,2023-01-16,autre|symfony_core,2,1,False,True,>60,77,condition|signature,reconstruit,1666
29638,2022-09-16,legacy_classes,1,3,False,False,6-20,11,condition,reconstruit,5034
29630,2022-11-17,js,1,0,False,False,6-20,6,autre,reconstruit,2948
29619,2022-10-17,legacy_classes,1,2,False,False,6-20,16,condition|formulaire_validation|garde_null_vide,reconstruit,4692
29615,2022-10-19,autre|symfony_core,3,3,False,True,6-20,8,autre,reconstruit,2323
29589,2022-09-14,symfony_bundle,1,0,False,False,≤5,2,autre,reconstruit,1796
29571,2022-11-15,legacy_classes|legacy_controllers,2,3,False,True,6-20,18,condition,reconstruit,6575
29554,2022-10-17,symfony_bundle,1,1,False,False,6-20,9,formulaire_validation|traduction,reconstruit,5837
29552,2022-09-15,legacy_controllers,1,1,False,False,6-20,12,condition,reconstruit,3215
29548,2022-09-16,legacy_classes,1,1,False,False,6-20,11,condition|signature,reconstruit,1524
29545,2022-09-09,admin_legacy,1,3,False,False,6-20,6,autre,reconstruit,4541
29534,2022-09-08,js,2,0,False,True,≤5,4,autre,reconstruit,5630
29530,2022-09-28,legacy_classes,1,1,False,False,21-60,24,condition|garde_null_vide|prix_taxe,reconstruit,5402
29523,2022-09-08,legacy_classes,1,1,False,False,6-20,10,condition|garde_null_vide|multiboutique,reconstruit,4067
29515,2022-10-13,legacy_classes|symfony_adapter,2,4,True,True,6-20,15,condition|conversion_echappement|garde_null_vide|requete_sql,reconstruit,6165
29504,2022-09-01,symfony_adapter|symfony_bundle,2,3,False,True,6-20,17,condition|traduction,reconstruit,5256
29503,2022-09-26,autre|symfony_adapter,2,1,False,True,6-20,9,condition|garde_null_vide,reconstruit,3252
29481,2022-09-06,admin_legacy,1,4,False,False,6-20,8,condition|garde_null_vide,reconstruit,4262
29471,2022-09-08,js,1,1,False,False,6-20,6,condition,reconstruit,3063
29441,2022-09-09,legacy_classes,2,2,False,True,6-20,11,condition|conversion_echappement|traduction,reconstruit,5427
29420,2022-09-09,sql_install|symfony_bundle,2,3,False,True,6-20,15,cache|signature|traduction,reconstruit,4506
29417,2022-09-01,symfony_bundle,1,1,False,False,≤5,2,autre,reconstruit,2363
29416,2022-08-29,legacy_classes,1,1,False,False,6-20,9,condition|garde_null_vide,reconstruit,3901
29406,2022-09-27,legacy_controllers,1,1,False,False,6-20,13,condition|conversion_echappement|formulaire_validation,reconstruit,6678
29381,2023-01-13,symfony_bundle,1,1,False,False,≤5,1,autre,reconstruit,3876
29375,2022-09-06,admin_legacy,1,3,False,False,21-60,26,condition|signature,reconstruit,3416
29372,2022-10-26,autre|symfony_bundle,3,6,False,True,>60,79,condition|formulaire_validation|garde_null_vide|signature,reconstruit,3258
29340,2023-01-19,legacy_classes,1,1,False,False,≤5,3,condition,reconstruit,4514
29324,2022-09-01,js|symfony_bundle,3,1,False,True,6-20,6,autre,reconstruit,3418
29307,2022-08-14,symfony_bundle,1,0,False,False,≤5,1,autre,reconstruit,1987
29306,2022-08-12,symfony_bundle,2,1,False,True,6-20,15,condition,reconstruit,3069
29281,2022-09-13,js,1,1,False,False,≤5,1,autre,reconstruit,3228
29280,2022-09-13,symfony_bundle,1,1,False,False,≤5,1,autre,reconstruit,3442
29278,2022-08-09,symfony_adapter|symfony_bundle,2,3,False,True,6-20,11,condition,reconstruit,3198
29272,2022-08-10,admin_legacy,1,1,False,False,≤5,2,conversion_echappement,reconstruit,4266
29256,2022-08-09,symfony_core,1,1,False,False,≤5,2,autre,reconstruit,3403
29246,2022-09-09,admin_legacy|js,2,0,False,True,21-60,47,autre,reconstruit,1932
29232,2022-11-15,js,1,1,False,False,≤5,1,autre,reconstruit,2302
29195,2022-09-06,legacy_controllers,1,1,False,False,≤5,4,multiboutique|requete_sql,reconstruit,4743
29186,2022-07-29,legacy_controllers,1,1,False,False,6-20,14,condition,reconstruit,4812
29161,2022-08-10,legacy_controllers,1,3,False,False,6-20,12,condition|conversion_echappement|traduction,reconstruit,3333
29158,2022-07-29,symfony_adapter,1,2,False,False,21-60,21,condition|garde_null_vide|requete_sql,reconstruit,3627
29122,2022-08-31,legacy_classes,1,1,False,False,21-60,30,condition|conversion_echappement|garde_null_vide,reconstruit,4100
29086,2022-07-25,js,1,3,False,False,21-60,36,condition,reconstruit,4762
29073,2022-07-28,symfony_bundle,1,1,False,False,≤5,4,autre,reconstruit,4140
29069,2022-07-20,symfony_core,1,1,False,False,≤5,4,autre,reconstruit,3963
29055,2022-07-18,js,1,1,False,False,6-20,12,condition,reconstruit,4413
29047,2022-10-07,js|symfony_bundle,3,2,False,True,21-60,21,autre,reconstruit,4864
29024,2022-08-02,js,1,1,False,False,≤5,5,autre,reconstruit,4043
29020,2022-07-18,symfony_adapter,1,1,False,False,≤5,4,condition|garde_null_vide|traduction,reconstruit,2922
28987,2022-07-13,symfony_bundle,1,0,False,False,≤5,2,condition,reconstruit,2205
28984,2022-07-07,js,2,0,False,True,6-20,6,autre,reconstruit,3317
28973,2022-07-07,symfony_bundle,2,2,False,True,≤5,5,condition|traduction,reconstruit,3955
28947,2022-07-19,legacy_classes|sql_install,2,0,False,True,6-20,12,autre,reconstruit,2719
28930,2022-07-11,legacy_classes,1,1,False,False,≤5,5,condition|garde_null_vide|multiboutique,reconstruit,4909
28923,2022-09-08,autre|legacy_controllers,3,2,False,True,21-60,23,condition|conversion_echappement|garde_null_vide|prix_taxe|signature,reconstruit,6705
28865,2022-07-19,legacy_classes,1,1,False,False,≤5,4,condition|conversion_echappement|garde_null_vide|multiboutique,reconstruit,3834
28838,2022-11-21,legacy_classes,1,1,False,False,≤5,2,conversion_echappement|requete_sql,reconstruit,2617
28829,2022-07-06,symfony_bundle,1,1,False,False,6-20,8,autre,reconstruit,3960
28780,2022-07-19,legacy_classes|symfony_adapter,2,3,True,True,6-20,9,cache|condition|signature,reconstruit,5705
28762,2022-08-10,js,2,1,False,True,21-60,37,condition|signature,reconstruit,2945
28716,2022-09-21,symfony_adapter|symfony_bundle,2,3,False,True,6-20,12,conversion_echappement,reconstruit,4726
28711,2022-11-18,legacy_classes,1,3,False,False,21-60,23,condition,reconstruit,4698
28568,2022-11-29,symfony_bundle,1,0,False,False,≤5,1,autre,reconstruit,1652
28540,2022-11-03,legacy_classes,1,1,False,False,6-20,8,condition|garde_null_vide,reconstruit,4888
28416,2022-07-26,symfony_core,1,2,False,False,6-20,13,condition|formulaire_validation|garde_null_vide,reconstruit,4904
27947,2023-01-19,legacy_controllers,1,1,False,False,≤5,2,autre,reconstruit,2632
27758,2022-11-03,symfony_adapter,1,1,False,False,21-60,42,condition|conversion_echappement|garde_null_vide,reconstruit,5600
26788,2022-08-11,legacy_classes,1,2,False,False,6-20,16,condition|conversion_echappement,reconstruit,4472
26764,2023-02-16,legacy_controllers,1,1,False,False,≤5,4,conversion_echappement,reconstruit,5957
37955,2025-02-21,legacy_classes,3,3,False,True,21-60,24,condition|conversion_echappement|signature,gemma_self,4272
37970,2025-02-14,legacy_classes,1,1,False,False,≤5,4,autre,gemma_self,2700
37589,2024-12-10,symfony_adapter,1,1,False,False,≤5,2,condition,gemma_self,2653
36123,2024-07-06,legacy_classes,1,1,False,False,6-20,8,condition|conversion_echappement|multiboutique,gemma_self,4228
36905,2024-09-17,legacy_classes,1,1,False,False,6-20,20,condition|conversion_echappement|garde_null_vide|requete_sql,gemma_self,2941
36875,2024-09-13,legacy_classes,1,2,False,False,≤5,4,autre,gemma_self,3505
36662,2024-08-27,legacy_classes,1,1,False,False,≤5,2,conversion_echappement|multiboutique,gemma_self,2951
36082,2024-07-29,legacy_classes,1,1,False,False,≤5,2,autre,gemma_self,2693
35587,2024-03-13,legacy_classes,1,1,False,False,6-20,8,hook,gemma_self,3201
31223,2023-02-13,legacy_classes,1,1,False,False,≤5,4,autre,gemma_self,3209
29571,2022-11-15,legacy_classes|legacy_controllers,2,3,False,True,6-20,18,condition,gemma_self,1598
33700,2023-11-02,legacy_classes,1,1,False,False,≤5,2,autre,gemma_self,2694
29548,2022-09-16,legacy_classes,1,1,False,False,6-20,11,condition|signature,gemma_self,5529
33495,2023-07-31,symfony_adapter,1,1,False,False,≤5,3,condition|formulaire_validation|garde_null_vide,gemma_self,3257
33008,2023-07-17,symfony_adapter|symfony_bundle|symfony_core,3,3,False,True,6-20,14,traduction,gemma_self,3450
28865,2022-07-19,legacy_classes,1,1,False,False,≤5,4,condition|conversion_echappement|garde_null_vide|multiboutique,gemma_self,2350
28458,2022-05-17,legacy_classes,1,1,False,False,≤5,5,condition|conversion_echappement|garde_null_vide,gemma_self,2150
28358,2022-05-06,symfony_bundle,1,1,False,False,6-20,13,autre,gemma_self,1718
27868,2022-03-16,legacy_classes,1,1,False,False,≤5,4,condition|garde_null_vide,gemma_self,3613
32701,2023-06-12,legacy_classes,1,1,False,False,≤5,2,conversion_echappement,gemma_self,5393
32535,2023-05-15,legacy_classes,1,1,False,False,≤5,4,condition|garde_null_vide,gemma_self,3820
32044,2023-04-07,legacy_classes,1,1,False,False,6-20,6,prix_taxe,gemma_self,4577
31620,2023-03-13,legacy_controllers,1,1,False,False,21-60,46,garde_null_vide,gemma_self,3268
