terme_ticket,symbole,cooc,df_terme,df_symbole,pmi,confiance,exemples_pr
products edit,constructor,3,3,11,4.49,1.0,34699|33978|33107
classes product,Product,3,3,12,4.37,1.0,37268|32044|31752
product quantity,CartController::processChangeProductInCart,3,4,4,5.54,0.75,34207|33978|32061
product quantity,CartController,3,4,4,5.54,0.75,34207|33978|32061
frontcontroller,FrontController,3,4,11,4.08,0.75,34721|33954|33563
hummingbird,ProductController,3,5,8,4.22,0.6,36472|35902|34523
quantity product,CartController::processChangeProductInCart,3,6,4,4.95,0.5,34207|33978|32061
quantity product,CartController,3,6,4,4.95,0.5,34207|33978|32061
products cart,FrontController,3,6,11,3.49,0.5,35166|33954|32946
currency,Product,3,6,12,3.37,0.5,37268|34523|33930
cart product,CartController::processChangeProductInCart,3,7,4,4.73,0.43,34207|33978|32061
cart product,CartController,3,7,4,4.73,0.43,34207|33978|32061
import,AdminImportController,3,8,3,4.95,0.38,35023|34857|34438
create order,constructor,3,8,11,3.08,0.38,36792|33078|31621
deleted,Product,3,8,12,2.95,0.38,38251|33322|33113
next,AdminImportController,3,9,3,4.78,0.33,35023|34857|34438
deprecated,smartyEscape,3,9,4,4.37,0.33,38303|38056|33136
class,AdminController,3,9,5,4.05,0.33,38381|35587|33083
controller,FrontController,4,12,11,2.91,0.33,34721|34698|33954|32946
catalog products,constructor,4,12,11,2.91,0.33,34699|33978|33458|33107
edit product,constructor,3,9,11,2.91,0.33,34699|33458|33107
stock,CartController::processChangeProductInCart,4,13,4,4.25,0.31,35372|34207|33978|32061
stock,CartController,4,13,4,4.25,0.31,35372|34207|33978|32061
refresh,constructor,3,10,11,2.76,0.3,33978|33107|32318
active,Product,3,10,12,2.63,0.3,38251|38037|32044
int,Product,3,10,12,2.63,0.3,37268|34523|31752
installation,AdminController,3,11,5,3.76,0.27,35587|33083|32215
product product,Product,3,11,12,2.49,0.27,38251|36807|34523
since,Product,3,11,12,2.49,0.27,38037|36664|34523
add product,Product,4,15,12,2.46,0.27,38251|38037|36834|32044
price,Product,5,19,12,2.44,0.26,37268|36834|34523|33930|32044
correctly,ProductLazyArray,4,16,8,2.95,0.25,37191|35812|33008|32596
theme,ProductLazyArray,3,12,8,2.95,0.25,37533|35812|33008
theme,ProductController,3,12,8,2.95,0.25,35902|35812|34523
array,Product,3,12,12,2.37,0.25,36807|34523|31752
value,Product,6,25,12,2.31,0.24,38251|38037|36807|36664|34523
table,Product,4,17,12,2.28,0.24,38037|36834|33930|33322
product cart,Cart,3,13,5,3.52,0.23,36905|35812|33156
wrong,ProductLazyArray,3,13,8,2.84,0.23,35812|33043|33008
checkout,FrontController,3,13,11,2.38,0.23,33156|32946|32941
front,FrontController,5,22,11,2.36,0.23,34698|33885|33563|33156|32946
quantity,CartController::processChangeProductInCart,4,18,4,3.78,0.22,35372|34207|33978|32061
quantity,CartController,4,18,4,3.78,0.22,35372|34207|33978|32061
these,Tools,4,19,7,2.9,0.21,37970|34078|33954|33700
shows,ProductLazyArray,3,14,8,2.73,0.21,37533|33008|32596
both,Product,3,14,12,2.15,0.21,37268|36834|34523
doesn't,it,4,21,5,3.24,0.19,33350|33152|32885|32116
tab,constructor,4,21,11,2.1,0.19,38254|34699|34343|33107
correctly,FrontController,3,16,11,2.08,0.19,37955|35166|32946
message,CartController::processChangeProductInCart,3,17,4,3.45,0.18,35372|33978|32061
message,CartController,3,17,4,3.45,0.18,35372|33978|32061
now,FrontController,3,17,11,1.99,0.18,35166|33156|32941
choose,constructor,3,17,11,1.99,0.18,34699|33458|31621
enabled,constructor,3,17,11,1.99,0.18,34343|33978|31621
quantity,ProductController,3,18,8,2.37,0.17,36472|35902|34523
default,Product,5,29,12,1.83,0.17,38251|37268|33930|33113|31752
access,Product,3,18,12,1.78,0.17,36834|36807|31752
store,AdminStoresController,3,19,3,3.71,0.16,33388|33152|32554
create product,ProductLazyArray,3,19,8,2.29,0.16,34695|33043|32596
catalog,constructor,5,31,11,1.86,0.16,38254|34699|33978|33458|33107
example,Tools,4,27,7,2.39,0.15,37970|34078|33954|33700
edit,constructor,6,41,11,1.72,0.15,34699|34343|33978|33458|33107
classes,Product,3,20,12,1.63,0.15,37268|32044|31752
cart,Cart,5,36,5,2.78,0.14,36905|36074|35812|35372|33156
files,Tools,3,21,7,2.34,0.14,33954|33700|31637
office,constructor,3,21,11,1.69,0.14,33458|32318|31621
instead,Product,3,21,12,1.56,0.14,38037|37268|36664
image assets,ProductLazyArray,3,23,8,2.02,0.13,34695|34376|33043
catalog,ProductLazyArray,4,31,8,2.0,0.13,35812|34695|33008|32596
products,constructor,7,52,11,1.6,0.13,38254|36792|34699|33978|33458
it's,constructor,3,23,11,1.56,0.13,38254|36792|33978
back,CartController::processChangeProductInCart,4,32,4,2.95,0.12,35372|34207|33978|32061
back,CartController,4,32,4,2.95,0.12,35372|34207|33978|32061
available,CartController::processChangeProductInCart,3,24,4,2.95,0.12,34207|33978|32061
available,CartController,3,24,4,2.95,0.12,34207|33978|32061
make,Tools,3,24,7,2.15,0.12,37970|33954|31637
available,ProductLazyArray,3,24,8,1.95,0.12,34695|33008|32596
install,ProductController,4,33,8,1.91,0.12,38254|37890|36472|33325
line,ProductController,3,25,8,1.9,0.12,36472|34523|33325
cart,CartController::processChangeProductInCart,4,36,4,2.78,0.11,35372|34207|33978|32061
cart,CartController,4,36,4,2.78,0.11,35372|34207|33978|32061
change,CartController::processChangeProductInCart,3,29,4,2.68,0.1,34207|33978|32061
change,CartController,3,29,4,2.68,0.1,34207|33978|32061
catalog,ProductController,3,31,8,1.58,0.1,38254|37958|35812
back,Tools,3,32,7,1.73,0.09,37970|37955|34078
cart,ProductController::getTemplateVarProduct,3,36,3,2.78,0.08,36472|35902|35812
select,AdminImportController,3,37,3,2.74,0.08,35023|34857|34438
products,CartController::processChangeProductInCart,4,52,4,2.25,0.08,35372|34207|33978|32061
products,CartController,4,52,4,2.25,0.08,35372|34207|33978|32061
enable,smartyEscape,3,52,4,1.84,0.06,38056|33136|32715
