terme,synonymes,phonetique,symboles,source
Dashboard,,,AdminDashboard|controllers/admin/AdminDashboardController.php,tab.xml@9.1.0
Orders,Orders > Orders|Orders -> Orders,,AdminOrders|src/PrestaShopBundle/Controller/Admin/Sell/Order/OrderController.php,tab.xml@9.1.0
Invoices,Orders > Invoices|Orders -> Invoices,,AdminInvoices|src/PrestaShopBundle/Controller/Admin/Sell/Order/InvoicesController.php,tab.xml@9.1.0
Credit Slips,Orders > Credit Slips|Orders -> Credit Slips,,AdminSlip|src/PrestaShopBundle/Controller/Admin/Sell/Order/CreditSlipController.php,tab.xml@9.1.0
Delivery Slips,Orders > Delivery Slips|Orders -> Delivery Slips,,AdminDeliverySlip|src/PrestaShopBundle/Controller/Admin/Sell/Order/DeliveryController.php,tab.xml@9.1.0
Shopping Carts,Orders > Shopping Carts|Orders -> Shopping Carts,,AdminCarts|src/PrestaShopBundle/Controller/Admin/Sell/Order/CartController.php,tab.xml@9.1.0
Products,Catalog > Products|Catalog -> Products,,AdminProducts|src/PrestaShopBundle/Controller/Admin/Sell/Catalog/Product/CombinationController.php|src/PrestaShopBundle/Controller/Admin/Sell/Catalog/Product/ImageController.php|src/PrestaShopBundle/Controller/Admin/Sell/Catalog/Product/ProductController.php,tab.xml@9.1.0
Categories,Catalog > Categories|Catalog -> Categories,,AdminCategories|src/PrestaShopBundle/Controller/Admin/Sell/Catalog/CategoryController.php,tab.xml@9.1.0
Monitoring,Catalog > Monitoring|Catalog -> Monitoring,,AdminTracking|src/PrestaShopBundle/Controller/Admin/Sell/Catalog/MonitoringController.php,tab.xml@9.1.0
Attributes,Attributes & Features > Attributes|Attributes & Features -> Attributes,,AdminAttributesGroups|src/PrestaShopBundle/Controller/Admin/Sell/Catalog/AttributeController.php|src/PrestaShopBundle/Controller/Admin/Sell/Catalog/AttributeGroupController.php,tab.xml@9.1.0
Features,Attributes & Features > Features|Attributes & Features -> Features,,AdminFeatures|src/PrestaShopBundle/Controller/Admin/Sell/Catalog/FeatureController.php|src/PrestaShopBundle/Controller/Admin/Sell/Catalog/FeatureValueController.php,tab.xml@9.1.0
Brands,Brands & Suppliers > Brands|Brands & Suppliers -> Brands,,AdminManufacturers|src/PrestaShopBundle/Controller/Admin/Sell/Catalog/ManufacturerController.php,tab.xml@9.1.0
Suppliers,Brands & Suppliers > Suppliers|Brands & Suppliers -> Suppliers,,AdminSuppliers|src/PrestaShopBundle/Controller/Admin/Sell/Catalog/SupplierController.php,tab.xml@9.1.0
Files,Catalog > Files|Catalog -> Files,,AdminAttachments|src/PrestaShopBundle/Controller/Admin/Sell/Catalog/AttachmentController.php,tab.xml@9.1.0
Cart Rules,Discounts > Cart Rules|Discounts -> Cart Rules,,AdminCartRules|controllers/admin/AdminCartRulesController.php|src/PrestaShopBundle/Controller/Admin/Sell/Catalog/CartRuleController.php|src/PrestaShopBundle/Controller/Admin/Sell/Catalog/DiscountController.php,tab.xml@9.1.0
Catalog Price Rules,Discounts > Catalog Price Rules|Discounts -> Catalog Price Rules,,AdminSpecificPriceRule|controllers/admin/AdminSpecificPriceRuleController.php|src/PrestaShopBundle/Controller/Admin/Sell/Catalog/CatalogPriceRuleController.php,tab.xml@9.1.0
Stock,Catalog > Stock|Catalog -> Stock,,AdminStockManagement|src/PrestaShopBundle/Controller/Admin/Sell/Catalog/StockController.php,tab.xml@9.1.0
Customer Settings,Customer Settings > Customer Settings|Customer Settings -> Customer Settings,,AdminCustomerPreferences|src/PrestaShopBundle/Controller/Admin/Configure/ShopParameters/CustomerPreferencesController.php,tab.xml@9.1.0
Addresses,Customers > Addresses|Customers -> Addresses,,AdminAddresses|src/PrestaShopBundle/Controller/Admin/Sell/Address/AddressController.php|src/PrestaShopBundle/Controller/Admin/Sell/Customer/CustomerController.php,tab.xml@9.1.0
Outstanding,Customers > Outstanding|Customers -> Outstanding,,AdminOutstanding|src/PrestaShopBundle/Controller/Admin/Sell/Customer/OutstandingController.php,tab.xml@9.1.0
Customer Service,Customer Service > Customer Service|Customer Service -> Customer Service,,AdminCustomerThreads|controllers/admin/AdminCustomerThreadsController.php|src/PrestaShopBundle/Controller/Admin/Sell/CustomerService/CustomerThreadController.php,tab.xml@9.1.0
Order Messages,Customer Service > Order Messages|Customer Service -> Order Messages,,AdminOrderMessage|src/PrestaShopBundle/Controller/Admin/Sell/CustomerService/OrderMessageController.php,tab.xml@9.1.0
Merchandise Returns,Customer Service > Merchandise Returns|Customer Service -> Merchandise Returns,,AdminReturn|controllers/admin/AdminReturnController.php|src/PrestaShopBundle/Controller/Admin/Sell/CustomerService/MerchandiseReturnController.php,tab.xml@9.1.0
Stats,,,AdminStats|controllers/admin/AdminStatsController.php,tab.xml@9.1.0
Modules,Module Manager > Modules|Module Manager -> Modules,,AdminModulesManage|src/PrestaShopBundle/Controller/Admin/Improve/ModuleController.php,tab.xml@9.1.0
Alerts,Module Manager > Alerts|Module Manager -> Alerts,,AdminModulesNotifications|src/PrestaShopBundle/Controller/Admin/Improve/Modules/AlertsController.php,tab.xml@9.1.0
Updates,Module Manager > Updates|Module Manager -> Updates,,AdminModulesUpdates|src/PrestaShopBundle/Controller/Admin/Improve/Modules/UpdatesController.php,tab.xml@9.1.0
Theme & Logo,Design > Theme & Logo|Design -> Theme & Logo,,AdminThemes|src/PrestaShopBundle/Controller/Admin/Improve/Design/ThemeController.php,tab.xml@9.1.0
Email Theme,Email Theme > Email Theme|Email Theme -> Email Theme,,AdminMailTheme|src/PrestaShopBundle/Controller/Admin/Improve/Design/MailThemeController.php,tab.xml@9.1.0
Pages,Design > Pages|Design -> Pages,,AdminCmsContent|src/PrestaShopBundle/Controller/Admin/Improve/Design/CmsPageController.php,tab.xml@9.1.0
Positions,Design > Positions|Design -> Positions,,AdminModulesPositions|controllers/admin/AdminModulesPositionsController.php|src/PrestaShopBundle/Controller/Admin/Improve/Design/PositionsController.php,tab.xml@9.1.0
Image Settings,Design > Image Settings|Design -> Image Settings,,AdminImages|src/PrestaShopBundle/Controller/Admin/Improve/Design/ImageSettingsController.php,tab.xml@9.1.0
Carriers,Shipping > Carriers|Shipping -> Carriers,,AdminCarriers|controllers/admin/AdminCarriersController.php|src/PrestaShopBundle/Controller/Admin/Improve/Shipping/CarrierController.php,tab.xml@9.1.0
Preferences,Shipping > Preferences|Shipping -> Preferences,,AdminShipping|src/PrestaShopBundle/Controller/Admin/Improve/Shipping/PreferencesController.php,tab.xml@9.1.0
Payment Methods,Payment > Payment Methods|Payment -> Payment Methods,,AdminPayment|src/PrestaShopBundle/Controller/Admin/Improve/Payment/PaymentMethodsController.php,tab.xml@9.1.0
Preferences,Payment > Preferences|Payment -> Preferences,,AdminPaymentPreferences|src/PrestaShopBundle/Controller/Admin/Improve/Payment/PaymentPreferencesController.php,tab.xml@9.1.0
Localization,Localization > Localization|Localization -> Localization,,AdminLocalization|src/PrestaShopBundle/Controller/Admin/Improve/International/LocalizationController.php,tab.xml@9.1.0
Languages,Localization > Languages|Localization -> Languages,,AdminLanguages|src/PrestaShopBundle/Controller/Admin/Improve/International/LanguageController.php,tab.xml@9.1.0
Currencies,Localization > Currencies|Localization -> Currencies,,AdminCurrencies|src/PrestaShopBundle/Controller/Admin/Improve/International/CurrencyController.php,tab.xml@9.1.0
Geolocation,Localization > Geolocation|Localization -> Geolocation,,AdminGeolocation|src/PrestaShopBundle/Controller/Admin/Improve/International/GeolocationController.php,tab.xml@9.1.0
Zones,Locations > Zones|Locations -> Zones,,AdminZones|src/PrestaShopBundle/Controller/Admin/Improve/International/ZoneController.php,tab.xml@9.1.0
Countries,Locations > Countries|Locations -> Countries,,AdminCountries|controllers/admin/AdminCountriesController.php|src/PrestaShopBundle/Controller/Admin/Improve/International/CountryController.php,tab.xml@9.1.0
States,Locations > States|Locations -> States,,AdminStates|src/PrestaShopBundle/Controller/Admin/Improve/International/StateController.php,tab.xml@9.1.0
Taxes,Taxes > Taxes|Taxes -> Taxes,,AdminTaxes|src/PrestaShopBundle/Controller/Admin/Improve/International/TaxController.php,tab.xml@9.1.0
Tax Rules,Taxes > Tax Rules|Taxes -> Tax Rules,,AdminTaxRulesGroup|controllers/admin/AdminTaxRulesGroupController.php|src/PrestaShopBundle/Controller/Admin/Improve/International/TaxRulesGroupController.php,tab.xml@9.1.0
Translations,International > Translations|International -> Translations,,AdminTranslations|controllers/admin/AdminTranslationsController.php|src/PrestaShopBundle/Controller/Admin/Improve/International/TranslationsController.php,tab.xml@9.1.0
General,General > General|General -> General,,AdminPreferences|src/PrestaShopBundle/Controller/Admin/Configure/ShopParameters/PreferencesController.php,tab.xml@9.1.0
Maintenance,General > Maintenance|General -> Maintenance,,AdminMaintenance|src/PrestaShopBundle/Controller/Admin/Configure/ShopParameters/MaintenanceController.php,tab.xml@9.1.0
Order Settings,Order Settings > Order Settings|Order Settings -> Order Settings,,AdminOrderPreferences|src/PrestaShopBundle/Controller/Admin/Configure/ShopParameters/OrderPreferencesController.php,tab.xml@9.1.0
Statuses,Order Settings > Statuses|Order Settings -> Statuses,,AdminStatuses|src/PrestaShopBundle/Controller/Admin/Configure/ShopParameters/OrderStateController.php,tab.xml@9.1.0
Product Settings,Shop Parameters > Product Settings|Shop Parameters -> Product Settings,,AdminPPreferences|src/PrestaShopBundle/Controller/Admin/Configure/ShopParameters/ProductPreferencesController.php,tab.xml@9.1.0
Groups,Customer Settings > Groups|Customer Settings -> Groups,,AdminGroups|controllers/admin/AdminGroupsController.php|src/PrestaShopBundle/Controller/Admin/Configure/ShopParameters/CustomerGroupsController.php,tab.xml@9.1.0
Titles,Customer Settings > Titles|Customer Settings -> Titles,,AdminGenders|src/PrestaShopBundle/Controller/Admin/Configure/ShopParameters/TitleController.php,tab.xml@9.1.0
Contacts,Contact > Contacts|Contact -> Contacts,,AdminContacts|src/PrestaShopBundle/Controller/Admin/Configure/ShopParameters/ContactsController.php,tab.xml@9.1.0
Stores,Contact > Stores|Contact -> Stores,,AdminStores|controllers/admin/AdminStoresController.php|src/PrestaShopBundle/Controller/Admin/Configure/ShopParameters/StoreController.php,tab.xml@9.1.0
SEO & URLs,Traffic & SEO > SEO & URLs|Traffic & SEO -> SEO & URLs,,AdminMeta|src/PrestaShopBundle/Controller/Admin/Configure/ShopParameters/MetaController.php,tab.xml@9.1.0
Search Engines,Traffic & SEO > Search Engines|Traffic & SEO -> Search Engines,,AdminSearchEngines|src/PrestaShopBundle/Controller/Admin/Configure/ShopParameters/SearchEnginesController.php,tab.xml@9.1.0
Search,Search > Search|Search -> Search,,AdminSearchConf|controllers/admin/AdminSearchConfController.php,tab.xml@9.1.0
Aliases,Search > Aliases|Search -> Aliases,,AdminAliases|src/PrestaShopBundle/Controller/Admin/Configure/ShopParameters/SearchAliasController.php,tab.xml@9.1.0
Tags,Search > Tags|Search -> Tags,,AdminTags|controllers/admin/AdminTagsController.php|src/PrestaShopBundle/Controller/Admin/Configure/ShopParameters/TagController.php,tab.xml@9.1.0
Information,Advanced Parameters > Information|Advanced Parameters -> Information,,AdminInformation|src/PrestaShopBundle/Controller/Admin/Configure/AdvancedParameters/SystemInformationController.php,tab.xml@9.1.0
Performance,Advanced Parameters > Performance|Advanced Parameters -> Performance,,AdminPerformance|src/PrestaShopBundle/Controller/Admin/Configure/AdvancedParameters/MemcacheServerController.php|src/PrestaShopBundle/Controller/Admin/Configure/AdvancedParameters/PerformanceController.php,tab.xml@9.1.0
Administration,Advanced Parameters > Administration|Advanced Parameters -> Administration,,AdminAdminPreferences|src/PrestaShopBundle/Controller/Admin/Configure/AdvancedParameters/AdministrationController.php,tab.xml@9.1.0
E-mail,Advanced Parameters > E-mail|Advanced Parameters -> E-mail,,AdminEmails|src/PrestaShopBundle/Controller/Admin/Configure/AdvancedParameters/EmailController.php,tab.xml@9.1.0
Import,Advanced Parameters > Import|Advanced Parameters -> Import,,AdminImport|controllers/admin/AdminImportController.php|src/PrestaShopBundle/Controller/Admin/Configure/AdvancedParameters/ImportController.php|src/PrestaShopBundle/Controller/Admin/Configure/AdvancedParameters/ImportDataConfigurationController.php,tab.xml@9.1.0
Employees,Team > Employees|Team -> Employees,,AdminEmployees|src/PrestaShopBundle/Controller/Admin/Configure/AdvancedParameters/EmployeeController.php,tab.xml@9.1.0
Roles,Team > Roles|Team -> Roles,,AdminProfiles|src/PrestaShopBundle/Controller/Admin/Configure/AdvancedParameters/ProfileController.php,tab.xml@9.1.0
Permissions,Team > Permissions|Team -> Permissions,,AdminAccess|controllers/admin/AdminAccessController.php|src/PrestaShopBundle/Controller/Admin/Configure/AdvancedParameters/PermissionController.php,tab.xml@9.1.0
SQL Manager,Database > SQL Manager|Database -> SQL Manager,,AdminRequestSql|src/PrestaShopBundle/Controller/Admin/Configure/AdvancedParameters/SqlManagerController.php,tab.xml@9.1.0
DB Backup,Database > DB Backup|Database -> DB Backup,,AdminBackup|src/PrestaShopBundle/Controller/Admin/Configure/AdvancedParameters/BackupController.php,tab.xml@9.1.0
Logs,Advanced Parameters > Logs|Advanced Parameters -> Logs,,AdminLogs|src/PrestaShopBundle/Controller/Admin/Configure/AdvancedParameters/LogsController.php,tab.xml@9.1.0
Webservice,Advanced Parameters > Webservice|Advanced Parameters -> Webservice,,AdminWebservice|src/PrestaShopBundle/Controller/Admin/Configure/AdvancedParameters/WebserviceController.php,tab.xml@9.1.0
Admin API,Advanced Parameters > Admin API|Advanced Parameters -> Admin API,,AdminAdminAPI|src/PrestaShopBundle/Controller/Admin/Configure/AdvancedParameters/AdminAPIController.php,tab.xml@9.1.0
Multistore,Advanced Parameters > Multistore|Advanced Parameters -> Multistore,,AdminShopUrl|controllers/admin/AdminShopUrlController.php,tab.xml@9.1.0
New & Experimental Features,Advanced Parameters > New & Experimental Features|Advanced Parameters -> New & Experimental Features,,AdminFeatureFlag|src/PrestaShopBundle/Controller/Admin/Configure/AdvancedParameters/FeatureFlagController.php,tab.xml@9.1.0
Security,Security > Security|Security -> Security,,AdminSecurity|src/PrestaShopBundle/Controller/Admin/Configure/AdvancedParameters/SecurityController.php,tab.xml@9.1.0
Employee Sessions,Security > Employee Sessions|Security -> Employee Sessions,,AdminSecuritySessionEmployee|src/PrestaShopBundle/Controller/Admin/Configure/AdvancedParameters/SecurityController.php,tab.xml@9.1.0
Customer Sessions,Security > Customer Sessions|Security -> Customer Sessions,,AdminSecuritySessionCustomer|src/PrestaShopBundle/Controller/Admin/Configure/AdvancedParameters/SecurityController.php,tab.xml@9.1.0
Quick Access,,,AdminQuickAccesses|controllers/admin/AdminQuickAccessesController.php,tab.xml@9.1.0
