pr,source,dataset_file,tokens_est,chars_total,dedup_retained,len_retained_2048,final_status,exclusion_reason
31148,reconstruit,train.jsonl,4014,12042,1,0,EXCLU,Depassement longueur (> 2048 tokens: 4014)
26764,reconstruit,train.jsonl,5957,17873,1,0,EXCLU,Depassement longueur (> 2048 tokens: 5957)
29503,reconstruit,train.jsonl,3252,9756,1,0,EXCLU,Depassement longueur (> 2048 tokens: 3252)
33573,reconstruit,train.jsonl,3979,11938,1,0,EXCLU,Depassement longueur (> 2048 tokens: 3979)
32657,reconstruit,train.jsonl,3892,11678,1,0,EXCLU,Depassement longueur (> 2048 tokens: 3892)
24379,reconstruit,train.jsonl,4075,12227,1,0,EXCLU,Depassement longueur (> 2048 tokens: 4075)
23802,reconstruit,train.jsonl,1927,5781,1,1,RETENU,Conforme (<= 2048 tokens)
28984,reconstruit,train.jsonl,3317,9953,1,0,EXCLU,Depassement longueur (> 2048 tokens: 3317)
30567,reconstruit,train.jsonl,4173,12520,1,0,EXCLU,Depassement longueur (> 2048 tokens: 4173)
24017,reconstruit,train.jsonl,1622,4867,1,1,RETENU,Conforme (<= 2048 tokens)
36160,reconstruit,train.jsonl,3395,10186,1,0,EXCLU,Depassement longueur (> 2048 tokens: 3395)
27868,reconstruit,train.jsonl,2339,7019,1,0,EXCLU,Depassement longueur (> 2048 tokens: 2339)
27446,reconstruit,train.jsonl,3721,11163,1,0,EXCLU,Depassement longueur (> 2048 tokens: 3721)
28225,reconstruit,train.jsonl,2092,6277,1,0,EXCLU,Depassement longueur (> 2048 tokens: 2092)
23388,reconstruit,train.jsonl,2137,6413,1,0,EXCLU,Depassement longueur (> 2048 tokens: 2137)
33643,reconstruit,train.jsonl,2437,7311,1,0,EXCLU,Depassement longueur (> 2048 tokens: 2437)
35234,reconstruit,train.jsonl,2958,8874,1,0,EXCLU,Depassement longueur (> 2048 tokens: 2958)
31752,reconstruit,train.jsonl,4175,12527,1,0,EXCLU,Depassement longueur (> 2048 tokens: 4175)
32506,reconstruit,train.jsonl,3083,9251,1,0,EXCLU,Depassement longueur (> 2048 tokens: 3083)
35771,reconstruit,train.jsonl,4991,14975,1,0,EXCLU,Depassement longueur (> 2048 tokens: 4991)
31455,reconstruit,train.jsonl,1769,5309,1,1,RETENU,Conforme (<= 2048 tokens)
34625,reconstruit,train.jsonl,5219,15659,1,0,EXCLU,Depassement longueur (> 2048 tokens: 5219)
27035,reconstruit,train.jsonl,2372,7117,1,0,EXCLU,Depassement longueur (> 2048 tokens: 2372)
36802,reconstruit,train.jsonl,4928,14784,1,0,EXCLU,Depassement longueur (> 2048 tokens: 4928)
30084,reconstruit,train.jsonl,2518,7554,1,0,EXCLU,Depassement longueur (> 2048 tokens: 2518)
30178,reconstruit,train.jsonl,3805,11417,1,0,EXCLU,Depassement longueur (> 2048 tokens: 3805)
25548,reconstruit,train.jsonl,2739,8217,1,0,EXCLU,Depassement longueur (> 2048 tokens: 2739)
14450,reconstruit,train.jsonl,2745,8236,1,0,EXCLU,Depassement longueur (> 2048 tokens: 2745)
25856,reconstruit,train.jsonl,2685,8056,1,0,EXCLU,Depassement longueur (> 2048 tokens: 2685)
23289,reconstruit,train.jsonl,5267,15801,1,0,EXCLU,Depassement longueur (> 2048 tokens: 5267)
29406,reconstruit,train.jsonl,6678,20034,1,0,EXCLU,Depassement longueur (> 2048 tokens: 6678)
23694,reconstruit,train.jsonl,3185,9555,1,0,EXCLU,Depassement longueur (> 2048 tokens: 3185)
24718,reconstruit,train.jsonl,1658,4974,1,1,RETENU,Conforme (<= 2048 tokens)
29548,gemma_self,self.jsonl,2624,7874,1,0,EXCLU,Depassement longueur (> 2048 tokens: 2624)
28458,reconstruit,train.jsonl,3706,11119,1,0,EXCLU,Depassement longueur (> 2048 tokens: 3706)
37819,reconstruit,train.jsonl,3393,10181,1,0,EXCLU,Depassement longueur (> 2048 tokens: 3393)
34343,reconstruit,train.jsonl,3521,10564,1,0,EXCLU,Depassement longueur (> 2048 tokens: 3521)
36074,reconstruit,train.jsonl,5941,17825,1,0,EXCLU,Depassement longueur (> 2048 tokens: 5941)
32535,gemma_self,self.jsonl,3335,10005,1,0,EXCLU,Depassement longueur (> 2048 tokens: 3335)
34060,reconstruit,train.jsonl,2672,8016,1,0,EXCLU,Depassement longueur (> 2048 tokens: 2672)
34647,reconstruit,train.jsonl,4498,13495,1,0,EXCLU,Depassement longueur (> 2048 tokens: 4498)
32424,reconstruit,train.jsonl,1731,5194,1,1,RETENU,Conforme (<= 2048 tokens)
28112,reconstruit,train.jsonl,2987,8963,1,0,EXCLU,Depassement longueur (> 2048 tokens: 2987)
23698,reconstruit,train.jsonl,1801,5404,1,1,RETENU,Conforme (<= 2048 tokens)
29381,reconstruit,train.jsonl,3876,11628,1,0,EXCLU,Depassement longueur (> 2048 tokens: 3876)
33458,reconstruit,train.jsonl,3167,9502,1,0,EXCLU,Depassement longueur (> 2048 tokens: 3167)
32596,reconstruit,train.jsonl,3640,10922,1,0,EXCLU,Depassement longueur (> 2048 tokens: 3640)
28332,reconstruit,train.jsonl,2113,6341,1,0,EXCLU,Depassement longueur (> 2048 tokens: 2113)
33152,reconstruit,train.jsonl,4282,12846,1,0,EXCLU,Depassement longueur (> 2048 tokens: 4282)
27317,reconstruit,train.jsonl,2083,6250,1,0,EXCLU,Depassement longueur (> 2048 tokens: 2083)
31319,reconstruit,train.jsonl,5542,16627,1,0,EXCLU,Depassement longueur (> 2048 tokens: 5542)
24456,reconstruit,train.jsonl,1685,5055,1,1,RETENU,Conforme (<= 2048 tokens)
27738,reconstruit,train.jsonl,4225,12676,1,0,EXCLU,Depassement longueur (> 2048 tokens: 4225)
36905,reconstruit,train.jsonl,5233,15700,1,0,EXCLU,Depassement longueur (> 2048 tokens: 5233)
32701,reconstruit,train.jsonl,3559,10677,1,0,EXCLU,Depassement longueur (> 2048 tokens: 3559)
23169,reconstruit,train.jsonl,4932,14797,1,0,EXCLU,Depassement longueur (> 2048 tokens: 4932)
27228,reconstruit,train.jsonl,1642,4928,1,1,RETENU,Conforme (<= 2048 tokens)
27814,reconstruit,train.jsonl,1428,4286,1,1,RETENU,Conforme (<= 2048 tokens)
24821,reconstruit,train.jsonl,2083,6250,1,0,EXCLU,Depassement longueur (> 2048 tokens: 2083)
33113,reconstruit,train.jsonl,4126,12380,1,0,EXCLU,Depassement longueur (> 2048 tokens: 4126)
36607,reconstruit,train.jsonl,2301,6903,1,0,EXCLU,Depassement longueur (> 2048 tokens: 2301)
28865,reconstruit,train.jsonl,3834,11503,1,0,EXCLU,Depassement longueur (> 2048 tokens: 3834)
27376,reconstruit,train.jsonl,3490,10472,1,0,EXCLU,Depassement longueur (> 2048 tokens: 3490)
31092,reconstruit,train.jsonl,3519,10558,1,0,EXCLU,Depassement longueur (> 2048 tokens: 3519)
29504,reconstruit,train.jsonl,5256,15768,1,0,EXCLU,Depassement longueur (> 2048 tokens: 5256)
32671,reconstruit,train.jsonl,2646,7939,1,0,EXCLU,Depassement longueur (> 2048 tokens: 2646)
26241,reconstruit,train.jsonl,4090,12270,1,0,EXCLU,Depassement longueur (> 2048 tokens: 4090)
28258,reconstruit,train.jsonl,4742,14226,1,0,EXCLU,Depassement longueur (> 2048 tokens: 4742)
36457,reconstruit,train.jsonl,4167,12503,1,0,EXCLU,Depassement longueur (> 2048 tokens: 4167)
25822,reconstruit,train.jsonl,7039,21117,1,0,EXCLU,Depassement longueur (> 2048 tokens: 7039)
24611,reconstruit,train.jsonl,5910,17730,1,0,EXCLU,Depassement longueur (> 2048 tokens: 5910)
35351,reconstruit,train.jsonl,4794,14383,1,0,EXCLU,Depassement longueur (> 2048 tokens: 4794)
30613,reconstruit,train.jsonl,3675,11026,1,0,EXCLU,Depassement longueur (> 2048 tokens: 3675)
31247,reconstruit,train.jsonl,4032,12096,1,0,EXCLU,Depassement longueur (> 2048 tokens: 4032)
30387,reconstruit,train.jsonl,5619,16858,1,0,EXCLU,Depassement longueur (> 2048 tokens: 5619)
30342,reconstruit,train.jsonl,5329,15989,1,0,EXCLU,Depassement longueur (> 2048 tokens: 5329)
24610,reconstruit,train.jsonl,2081,6245,1,0,EXCLU,Depassement longueur (> 2048 tokens: 2081)
28865,gemma_self,self.jsonl,2691,8073,1,0,EXCLU,Depassement longueur (> 2048 tokens: 2691)
28973,reconstruit,train.jsonl,3955,11865,1,0,EXCLU,Depassement longueur (> 2048 tokens: 3955)
23925,reconstruit,train.jsonl,3951,11855,1,0,EXCLU,Depassement longueur (> 2048 tokens: 3951)
8738,reconstruit,train.jsonl,2500,7500,1,0,EXCLU,Depassement longueur (> 2048 tokens: 2500)
24565,reconstruit,train.jsonl,6340,19022,1,0,EXCLU,Depassement longueur (> 2048 tokens: 6340)
34598,reconstruit,train.jsonl,2415,7245,1,0,EXCLU,Depassement longueur (> 2048 tokens: 2415)
30959,reconstruit,train.jsonl,4433,13299,1,0,EXCLU,Depassement longueur (> 2048 tokens: 4433)
24796,reconstruit,train.jsonl,2947,8841,1,0,EXCLU,Depassement longueur (> 2048 tokens: 2947)
29195,reconstruit,train.jsonl,4743,14229,1,0,EXCLU,Depassement longueur (> 2048 tokens: 4743)
33008,reconstruit,train.jsonl,7143,21430,1,0,EXCLU,Depassement longueur (> 2048 tokens: 7143)
37533,reconstruit,train.jsonl,3749,11247,1,0,EXCLU,Depassement longueur (> 2048 tokens: 3749)
32754,reconstruit,train.jsonl,3564,10693,1,0,EXCLU,Depassement longueur (> 2048 tokens: 3564)
23405,reconstruit,train.jsonl,4781,14344,1,0,EXCLU,Depassement longueur (> 2048 tokens: 4781)
27225,reconstruit,train.jsonl,3256,9769,1,0,EXCLU,Depassement longueur (> 2048 tokens: 3256)
26358,reconstruit,train.jsonl,3465,10397,1,0,EXCLU,Depassement longueur (> 2048 tokens: 3465)
30996,reconstruit,train.jsonl,4416,13250,1,0,EXCLU,Depassement longueur (> 2048 tokens: 4416)
30273,reconstruit,train.jsonl,4034,12102,1,0,EXCLU,Depassement longueur (> 2048 tokens: 4034)
27066,reconstruit,train.jsonl,2076,6229,1,0,EXCLU,Depassement longueur (> 2048 tokens: 2076)
28301,reconstruit,train.jsonl,4351,13054,1,0,EXCLU,Depassement longueur (> 2048 tokens: 4351)
24525,reconstruit,train.jsonl,3947,11841,1,0,EXCLU,Depassement longueur (> 2048 tokens: 3947)
27457,reconstruit,train.jsonl,2923,8770,1,0,EXCLU,Depassement longueur (> 2048 tokens: 2923)
29372,reconstruit,train.jsonl,3258,9776,1,0,EXCLU,Depassement longueur (> 2048 tokens: 3258)
34305,reconstruit,train.jsonl,3272,9816,1,0,EXCLU,Depassement longueur (> 2048 tokens: 3272)
27848,reconstruit,train.jsonl,1578,4735,1,1,RETENU,Conforme (<= 2048 tokens)
35139,reconstruit,train.jsonl,4383,13150,1,0,EXCLU,Depassement longueur (> 2048 tokens: 4383)
27841,reconstruit,train.jsonl,6426,19279,1,0,EXCLU,Depassement longueur (> 2048 tokens: 6426)
25495,reconstruit,train.jsonl,4005,12017,1,0,EXCLU,Depassement longueur (> 2048 tokens: 4005)
26365,reconstruit,train.jsonl,2819,8459,1,0,EXCLU,Depassement longueur (> 2048 tokens: 2819)
36905,gemma_self,self.jsonl,3280,9842,1,0,EXCLU,Depassement longueur (> 2048 tokens: 3280)
33078,reconstruit,train.jsonl,1280,3840,1,1,RETENU,Conforme (<= 2048 tokens)
37009,reconstruit,train.jsonl,3976,11929,1,0,EXCLU,Depassement longueur (> 2048 tokens: 3976)
32044,gemma_self,self.jsonl,4257,12772,1,0,EXCLU,Depassement longueur (> 2048 tokens: 4257)
32840,reconstruit,train.jsonl,4034,12103,1,0,EXCLU,Depassement longueur (> 2048 tokens: 4034)
33008,gemma_self,self.jsonl,3894,11684,1,0,EXCLU,Depassement longueur (> 2048 tokens: 3894)
25725,reconstruit,train.jsonl,2765,8295,1,0,EXCLU,Depassement longueur (> 2048 tokens: 2765)
23425,reconstruit,train.jsonl,2792,8376,1,0,EXCLU,Depassement longueur (> 2048 tokens: 2792)
29545,reconstruit,train.jsonl,4541,13625,1,0,EXCLU,Depassement longueur (> 2048 tokens: 4541)
35709,reconstruit,train.jsonl,3577,10732,1,0,EXCLU,Depassement longueur (> 2048 tokens: 3577)
36662,reconstruit,train.jsonl,5045,15135,1,0,EXCLU,Depassement longueur (> 2048 tokens: 5045)
24427,reconstruit,train.jsonl,4759,14278,1,0,EXCLU,Depassement longueur (> 2048 tokens: 4759)
28763,reconstruit,train.jsonl,4401,13204,1,0,EXCLU,Depassement longueur (> 2048 tokens: 4401)
27931,reconstruit,train.jsonl,4171,12514,1,0,EXCLU,Depassement longueur (> 2048 tokens: 4171)
29306,reconstruit,train.jsonl,3069,9207,1,0,EXCLU,Depassement longueur (> 2048 tokens: 3069)
26145,reconstruit,train.jsonl,4651,13955,1,0,EXCLU,Depassement longueur (> 2048 tokens: 4651)
26699,reconstruit,train.jsonl,6245,18735,1,0,EXCLU,Depassement longueur (> 2048 tokens: 6245)
35587,gemma_self,self.jsonl,3284,9853,1,0,EXCLU,Depassement longueur (> 2048 tokens: 3284)
33236,reconstruit,train.jsonl,1473,4421,1,1,RETENU,Conforme (<= 2048 tokens)
23846,reconstruit,train.jsonl,1525,4575,1,1,RETENU,Conforme (<= 2048 tokens)
38027,reconstruit,train.jsonl,5595,16785,1,0,EXCLU,Depassement longueur (> 2048 tokens: 5595)
27722,reconstruit,train.jsonl,2628,7886,1,0,EXCLU,Depassement longueur (> 2048 tokens: 2628)
26289,reconstruit,train.jsonl,2360,7080,1,0,EXCLU,Depassement longueur (> 2048 tokens: 2360)
23811,reconstruit,train.jsonl,6304,18913,1,0,EXCLU,Depassement longueur (> 2048 tokens: 6304)
28118,reconstruit,train.jsonl,4767,14301,1,0,EXCLU,Depassement longueur (> 2048 tokens: 4767)
27285,reconstruit,train.jsonl,2843,8530,1,0,EXCLU,Depassement longueur (> 2048 tokens: 2843)
24485,reconstruit,train.jsonl,2356,7070,1,0,EXCLU,Depassement longueur (> 2048 tokens: 2356)
30258,reconstruit,train.jsonl,4037,12113,1,0,EXCLU,Depassement longueur (> 2048 tokens: 4037)
24184,reconstruit,train.jsonl,4528,13584,1,0,EXCLU,Depassement longueur (> 2048 tokens: 4528)
37912,reconstruit,train.jsonl,4553,13659,1,0,EXCLU,Depassement longueur (> 2048 tokens: 4553)
31023,reconstruit,train.jsonl,4557,13672,1,0,EXCLU,Depassement longueur (> 2048 tokens: 4557)
24355,reconstruit,train.jsonl,4905,14715,1,0,EXCLU,Depassement longueur (> 2048 tokens: 4905)
32061,reconstruit,train.jsonl,5148,15446,1,0,EXCLU,Depassement longueur (> 2048 tokens: 5148)
23995,reconstruit,train.jsonl,2753,8261,1,0,EXCLU,Depassement longueur (> 2048 tokens: 2753)
32201,reconstruit,train.jsonl,2405,7216,1,0,EXCLU,Depassement longueur (> 2048 tokens: 2405)
18697,reconstruit,train.jsonl,4471,13414,1,0,EXCLU,Depassement longueur (> 2048 tokens: 4471)
37297,reconstruit,train.jsonl,2674,8022,1,0,EXCLU,Depassement longueur (> 2048 tokens: 2674)
31682,reconstruit,train.jsonl,3552,10658,1,0,EXCLU,Depassement longueur (> 2048 tokens: 3552)
33930,reconstruit,train.jsonl,4122,12367,1,0,EXCLU,Depassement longueur (> 2048 tokens: 4122)
29471,reconstruit,train.jsonl,3063,9189,1,0,EXCLU,Depassement longueur (> 2048 tokens: 3063)
33928,reconstruit,train.jsonl,2832,8496,1,0,EXCLU,Depassement longueur (> 2048 tokens: 2832)
29069,reconstruit,train.jsonl,3963,11891,1,0,EXCLU,Depassement longueur (> 2048 tokens: 3963)
35861,reconstruit,train.jsonl,3856,11569,1,0,EXCLU,Depassement longueur (> 2048 tokens: 3856)
37985,reconstruit,train.jsonl,4354,13062,1,0,EXCLU,Depassement longueur (> 2048 tokens: 4354)
32946,reconstruit,train.jsonl,5056,15168,1,0,EXCLU,Depassement longueur (> 2048 tokens: 5056)
37803,reconstruit,train.jsonl,4383,13151,1,0,EXCLU,Depassement longueur (> 2048 tokens: 4383)
27374,reconstruit,train.jsonl,3700,11102,1,0,EXCLU,Depassement longueur (> 2048 tokens: 3700)
29552,reconstruit,train.jsonl,3215,9645,1,0,EXCLU,Depassement longueur (> 2048 tokens: 3215)
29416,reconstruit,train.jsonl,3901,11705,1,0,EXCLU,Depassement longueur (> 2048 tokens: 3901)
36505,reconstruit,train.jsonl,3969,11908,1,0,EXCLU,Depassement longueur (> 2048 tokens: 3969)
32112,reconstruit,train.jsonl,4004,12013,1,0,EXCLU,Depassement longueur (> 2048 tokens: 4004)
37747,reconstruit,train.jsonl,4982,14947,1,0,EXCLU,Depassement longueur (> 2048 tokens: 4982)
32465,reconstruit,train.jsonl,2792,8378,1,0,EXCLU,Depassement longueur (> 2048 tokens: 2792)
29530,reconstruit,train.jsonl,5402,16208,1,0,EXCLU,Depassement longueur (> 2048 tokens: 5402)
32664,reconstruit,train.jsonl,2742,8227,1,0,EXCLU,Depassement longueur (> 2048 tokens: 2742)
27014,reconstruit,train.jsonl,1695,5087,1,1,RETENU,Conforme (<= 2048 tokens)
27822,reconstruit,train.jsonl,4400,13200,1,0,EXCLU,Depassement longueur (> 2048 tokens: 4400)
25564,reconstruit,train.jsonl,4994,14984,1,0,EXCLU,Depassement longueur (> 2048 tokens: 4994)
28358,reconstruit,train.jsonl,3250,9750,1,0,EXCLU,Depassement longueur (> 2048 tokens: 3250)
35584,reconstruit,train.jsonl,1876,5628,1,1,RETENU,Conforme (<= 2048 tokens)
38141,reconstruit,train.jsonl,5240,15721,1,0,EXCLU,Depassement longueur (> 2048 tokens: 5240)
33043,reconstruit,train.jsonl,7542,22628,1,0,EXCLU,Depassement longueur (> 2048 tokens: 7542)
33909,reconstruit,train.jsonl,1534,4604,1,1,RETENU,Conforme (<= 2048 tokens)
29977,reconstruit,train.jsonl,2300,6900,1,0,EXCLU,Depassement longueur (> 2048 tokens: 2300)
28117,reconstruit,train.jsonl,4878,14636,1,0,EXCLU,Depassement longueur (> 2048 tokens: 4878)
25465,reconstruit,train.jsonl,2132,6396,1,0,EXCLU,Depassement longueur (> 2048 tokens: 2132)
27091,reconstruit,train.jsonl,2880,8641,1,0,EXCLU,Depassement longueur (> 2048 tokens: 2880)
32701,gemma_self,self.jsonl,2391,7174,1,0,EXCLU,Depassement longueur (> 2048 tokens: 2391)
38381,reconstruit,train.jsonl,4863,14591,1,0,EXCLU,Depassement longueur (> 2048 tokens: 4863)
29996,reconstruit,train.jsonl,3142,9426,1,0,EXCLU,Depassement longueur (> 2048 tokens: 3142)
34153,reconstruit,train.jsonl,4383,13151,1,0,EXCLU,Depassement longueur (> 2048 tokens: 4383)
23499,reconstruit,train.jsonl,5177,15531,1,0,EXCLU,Depassement longueur (> 2048 tokens: 5177)
27698,reconstruit,train.jsonl,2816,8448,1,0,EXCLU,Depassement longueur (> 2048 tokens: 2816)
35439,reconstruit,train.jsonl,3450,10352,1,0,EXCLU,Depassement longueur (> 2048 tokens: 3450)
29548,reconstruit,train.jsonl,1524,4574,1,1,RETENU,Conforme (<= 2048 tokens)
30730,reconstruit,train.jsonl,7730,23192,1,0,EXCLU,Depassement longueur (> 2048 tokens: 7730)
29073,reconstruit,train.jsonl,4140,12420,1,0,EXCLU,Depassement longueur (> 2048 tokens: 4140)
24920,reconstruit,train.jsonl,3334,10002,1,0,EXCLU,Depassement longueur (> 2048 tokens: 3334)
28103,reconstruit,train.jsonl,3655,10965,1,0,EXCLU,Depassement longueur (> 2048 tokens: 3655)
28094,reconstruit,train.jsonl,4106,12319,1,0,EXCLU,Depassement longueur (> 2048 tokens: 4106)
33700,gemma_self,self.jsonl,2512,7537,1,0,EXCLU,Depassement longueur (> 2048 tokens: 2512)
30831,reconstruit,train.jsonl,2074,6223,1,0,EXCLU,Depassement longueur (> 2048 tokens: 2074)
28613,reconstruit,train.jsonl,1803,5410,1,1,RETENU,Conforme (<= 2048 tokens)
29307,reconstruit,train.jsonl,1987,5963,1,1,RETENU,Conforme (<= 2048 tokens)
31620,gemma_self,self.jsonl,3268,9805,1,0,EXCLU,Depassement longueur (> 2048 tokens: 3268)
33495,gemma_self,self.jsonl,3494,10483,1,0,EXCLU,Depassement longueur (> 2048 tokens: 3494)
28722,reconstruit,train.jsonl,4537,13613,1,0,EXCLU,Depassement longueur (> 2048 tokens: 4537)
34721,reconstruit,train.jsonl,4872,14618,1,0,EXCLU,Depassement longueur (> 2048 tokens: 4872)
28314,reconstruit,train.jsonl,2946,8839,1,0,EXCLU,Depassement longueur (> 2048 tokens: 2946)
32028,reconstruit,train.jsonl,2795,8387,1,0,EXCLU,Depassement longueur (> 2048 tokens: 2795)
33350,reconstruit,train.jsonl,3083,9249,1,0,EXCLU,Depassement longueur (> 2048 tokens: 3083)
29615,reconstruit,train.jsonl,2323,6969,1,0,EXCLU,Depassement longueur (> 2048 tokens: 2323)
37890,reconstruit,train.jsonl,6846,20539,1,0,EXCLU,Depassement longueur (> 2048 tokens: 6846)
36653,reconstruit,train.jsonl,3576,10728,1,0,EXCLU,Depassement longueur (> 2048 tokens: 3576)
32790,reconstruit,train.jsonl,2534,7604,1,0,EXCLU,Depassement longueur (> 2048 tokens: 2534)
37888,reconstruit,train.jsonl,2557,7672,1,0,EXCLU,Depassement longueur (> 2048 tokens: 2557)
33608,reconstruit,train.jsonl,5151,15453,1,0,EXCLU,Depassement longueur (> 2048 tokens: 5151)
28416,reconstruit,train.jsonl,4904,14714,1,0,EXCLU,Depassement longueur (> 2048 tokens: 4904)
37268,reconstruit,train.jsonl,4087,12261,1,0,EXCLU,Depassement longueur (> 2048 tokens: 4087)
38100,reconstruit,train.jsonl,5122,15366,1,0,EXCLU,Depassement longueur (> 2048 tokens: 5122)
25858,reconstruit,train.jsonl,4548,13644,1,0,EXCLU,Depassement longueur (> 2048 tokens: 4548)
32656,reconstruit,train.jsonl,4923,14770,1,0,EXCLU,Depassement longueur (> 2048 tokens: 4923)
26414,reconstruit,train.jsonl,2855,8565,1,0,EXCLU,Depassement longueur (> 2048 tokens: 2855)
30465,reconstruit,train.jsonl,4989,14967,1,0,EXCLU,Depassement longueur (> 2048 tokens: 4989)
27057,reconstruit,train.jsonl,3876,11629,1,0,EXCLU,Depassement longueur (> 2048 tokens: 3876)
24780,reconstruit,train.jsonl,6846,20540,1,0,EXCLU,Depassement longueur (> 2048 tokens: 6846)
38496,reconstruit,train.jsonl,2452,7358,1,0,EXCLU,Depassement longueur (> 2048 tokens: 2452)
25834,reconstruit,train.jsonl,5741,17223,1,0,EXCLU,Depassement longueur (> 2048 tokens: 5741)
30948,reconstruit,train.jsonl,2209,6627,1,0,EXCLU,Depassement longueur (> 2048 tokens: 2209)
34235,reconstruit,train.jsonl,1738,5214,1,1,RETENU,Conforme (<= 2048 tokens)
32136,reconstruit,train.jsonl,2411,7233,1,0,EXCLU,Depassement longueur (> 2048 tokens: 2411)
33136,reconstruit,train.jsonl,4456,13368,1,0,EXCLU,Depassement longueur (> 2048 tokens: 4456)
24754,reconstruit,train.jsonl,6504,19514,1,0,EXCLU,Depassement longueur (> 2048 tokens: 6504)
24187,reconstruit,train.jsonl,1511,4534,1,1,RETENU,Conforme (<= 2048 tokens)
29630,reconstruit,train.jsonl,2948,8844,1,0,EXCLU,Depassement longueur (> 2048 tokens: 2948)
24356,reconstruit,train.jsonl,4122,12367,1,0,EXCLU,Depassement longueur (> 2048 tokens: 4122)
33563,reconstruit,train.jsonl,5403,16209,1,0,EXCLU,Depassement longueur (> 2048 tokens: 5403)
36880,reconstruit,train.jsonl,2821,8464,1,0,EXCLU,Depassement longueur (> 2048 tokens: 2821)
32906,reconstruit,train.jsonl,3653,10961,1,0,EXCLU,Depassement longueur (> 2048 tokens: 3653)
34317,reconstruit,train.jsonl,3161,9484,1,0,EXCLU,Depassement longueur (> 2048 tokens: 3161)
32044,reconstruit,train.jsonl,5059,15178,1,0,EXCLU,Depassement longueur (> 2048 tokens: 5059)
29278,reconstruit,train.jsonl,3198,9596,1,0,EXCLU,Depassement longueur (> 2048 tokens: 3198)
29837,reconstruit,train.jsonl,3684,11052,1,0,EXCLU,Depassement longueur (> 2048 tokens: 3684)
37191,reconstruit,train.jsonl,2413,7241,1,0,EXCLU,Depassement longueur (> 2048 tokens: 2413)
29246,reconstruit,train.jsonl,1932,5797,1,1,RETENU,Conforme (<= 2048 tokens)
37771,reconstruit,train.jsonl,4014,12044,1,0,EXCLU,Depassement longueur (> 2048 tokens: 4014)
29441,reconstruit,train.jsonl,5427,16282,1,0,EXCLU,Depassement longueur (> 2048 tokens: 5427)
28358,gemma_self,self.jsonl,1718,5155,1,1,RETENU,Conforme (<= 2048 tokens)
29024,reconstruit,train.jsonl,4043,12130,1,0,EXCLU,Depassement longueur (> 2048 tokens: 4043)
28716,reconstruit,train.jsonl,4726,14178,1,0,EXCLU,Depassement longueur (> 2048 tokens: 4726)
38251,reconstruit,train.jsonl,4033,12100,1,0,EXCLU,Depassement longueur (> 2048 tokens: 4033)
30114,reconstruit,train.jsonl,2050,6152,1,0,EXCLU,Depassement longueur (> 2048 tokens: 2050)
34695,reconstruit,train.jsonl,4235,12705,1,0,EXCLU,Depassement longueur (> 2048 tokens: 4235)
27793,reconstruit,train.jsonl,6969,20907,1,0,EXCLU,Depassement longueur (> 2048 tokens: 6969)
34351,reconstruit,train.jsonl,3643,10931,1,0,EXCLU,Depassement longueur (> 2048 tokens: 3643)
23483,reconstruit,train.jsonl,2099,6297,1,0,EXCLU,Depassement longueur (> 2048 tokens: 2099)
24183,reconstruit,train.jsonl,3108,9325,1,0,EXCLU,Depassement longueur (> 2048 tokens: 3108)
34078,reconstruit,train.jsonl,5706,17120,1,0,EXCLU,Depassement longueur (> 2048 tokens: 5706)
25316,reconstruit,train.jsonl,2645,7936,1,0,EXCLU,Depassement longueur (> 2048 tokens: 2645)
24665,reconstruit,train.jsonl,4017,12053,1,0,EXCLU,Depassement longueur (> 2048 tokens: 4017)
37589,gemma_self,self.jsonl,2624,7872,1,0,EXCLU,Depassement longueur (> 2048 tokens: 2624)
27868,gemma_self,self.jsonl,3117,9352,1,0,EXCLU,Depassement longueur (> 2048 tokens: 3117)
26410,reconstruit,train.jsonl,3706,11118,1,0,EXCLU,Depassement longueur (> 2048 tokens: 3706)
32615,reconstruit,train.jsonl,6649,19948,1,0,EXCLU,Depassement longueur (> 2048 tokens: 6649)
24890,reconstruit,train.jsonl,3593,10780,1,0,EXCLU,Depassement longueur (> 2048 tokens: 3593)
25106,reconstruit,train.jsonl,5698,17096,1,0,EXCLU,Depassement longueur (> 2048 tokens: 5698)
25787,reconstruit,train.jsonl,4411,13235,1,0,EXCLU,Depassement longueur (> 2048 tokens: 4411)
36895,reconstruit,train.jsonl,3612,10836,1,0,EXCLU,Depassement longueur (> 2048 tokens: 3612)
28104,reconstruit,train.jsonl,5137,15412,1,0,EXCLU,Depassement longueur (> 2048 tokens: 5137)
33133,reconstruit,train.jsonl,2756,8268,1,0,EXCLU,Depassement longueur (> 2048 tokens: 2756)
30727,reconstruit,train.jsonl,3243,9730,1,0,EXCLU,Depassement longueur (> 2048 tokens: 3243)
30146,reconstruit,train.jsonl,3860,11581,1,0,EXCLU,Depassement longueur (> 2048 tokens: 3860)
26047,reconstruit,train.jsonl,6296,18890,1,0,EXCLU,Depassement longueur (> 2048 tokens: 6296)
28266,reconstruit,train.jsonl,7551,22653,1,0,EXCLU,Depassement longueur (> 2048 tokens: 7551)
24119,reconstruit,train.jsonl,5030,15091,1,0,EXCLU,Depassement longueur (> 2048 tokens: 5030)
29232,reconstruit,train.jsonl,2302,6907,1,0,EXCLU,Depassement longueur (> 2048 tokens: 2302)
34450,reconstruit,train.jsonl,4097,12291,1,0,EXCLU,Depassement longueur (> 2048 tokens: 4097)
33387,reconstruit,train.jsonl,2901,8704,1,0,EXCLU,Depassement longueur (> 2048 tokens: 2901)
29554,reconstruit,train.jsonl,5837,17511,1,0,EXCLU,Depassement longueur (> 2048 tokens: 5837)
29571,reconstruit,train.jsonl,6575,19726,1,0,EXCLU,Depassement longueur (> 2048 tokens: 6575)
32563,gemma_self,self.jsonl,2563,7689,1,0,EXCLU,Depassement longueur (> 2048 tokens: 2563)
25523,reconstruit,train.jsonl,4724,14172,1,0,EXCLU,Depassement longueur (> 2048 tokens: 4724)
25501,reconstruit,train.jsonl,3407,10222,1,0,EXCLU,Depassement longueur (> 2048 tokens: 3407)
30252,reconstruit,train.jsonl,4647,13942,1,0,EXCLU,Depassement longueur (> 2048 tokens: 4647)
35023,reconstruit,train.jsonl,6813,20440,1,0,EXCLU,Depassement longueur (> 2048 tokens: 6813)
25818,reconstruit,train.jsonl,5126,15380,1,0,EXCLU,Depassement longueur (> 2048 tokens: 5126)
28445,reconstruit,train.jsonl,5230,15690,1,0,EXCLU,Depassement longueur (> 2048 tokens: 5230)
28838,reconstruit,train.jsonl,2617,7852,1,0,EXCLU,Depassement longueur (> 2048 tokens: 2617)
38037,reconstruit,train.jsonl,3813,11440,1,0,EXCLU,Depassement longueur (> 2048 tokens: 3813)
30834,reconstruit,train.jsonl,5965,17897,1,0,EXCLU,Depassement longueur (> 2048 tokens: 5965)
23142,reconstruit,train.jsonl,7079,21239,1,0,EXCLU,Depassement longueur (> 2048 tokens: 7079)
27459,reconstruit,train.jsonl,6146,18440,1,0,EXCLU,Depassement longueur (> 2048 tokens: 6146)
28052,reconstruit,train.jsonl,1387,4162,1,1,RETENU,Conforme (<= 2048 tokens)
24568,reconstruit,train.jsonl,7122,21367,1,0,EXCLU,Depassement longueur (> 2048 tokens: 7122)
24762,reconstruit,train.jsonl,4084,12252,1,0,EXCLU,Depassement longueur (> 2048 tokens: 4084)
29086,reconstruit,train.jsonl,4762,14286,1,0,EXCLU,Depassement longueur (> 2048 tokens: 4762)
24072,reconstruit,train.jsonl,5141,15423,1,0,EXCLU,Depassement longueur (> 2048 tokens: 5141)
33388,reconstruit,train.jsonl,3311,9935,1,0,EXCLU,Depassement longueur (> 2048 tokens: 3311)
30512,reconstruit,train.jsonl,3723,11170,1,0,EXCLU,Depassement longueur (> 2048 tokens: 3723)
24247,reconstruit,train.jsonl,3901,11705,1,0,EXCLU,Depassement longueur (> 2048 tokens: 3901)
28237,reconstruit,train.jsonl,3626,10879,1,0,EXCLU,Depassement longueur (> 2048 tokens: 3626)
35565,reconstruit,train.jsonl,4641,13924,1,0,EXCLU,Depassement longueur (> 2048 tokens: 4641)
33771,reconstruit,train.jsonl,3738,11216,1,0,EXCLU,Depassement longueur (> 2048 tokens: 3738)
26703,reconstruit,train.jsonl,2438,7316,1,0,EXCLU,Depassement longueur (> 2048 tokens: 2438)
36866,reconstruit,train.jsonl,3080,9242,1,0,EXCLU,Depassement longueur (> 2048 tokens: 3080)
24688,reconstruit,train.jsonl,7141,21423,1,0,EXCLU,Depassement longueur (> 2048 tokens: 7141)
29523,reconstruit,train.jsonl,4067,12203,1,0,EXCLU,Depassement longueur (> 2048 tokens: 4067)
27806,reconstruit,train.jsonl,4680,14041,1,0,EXCLU,Depassement longueur (> 2048 tokens: 4680)
33964,reconstruit,train.jsonl,5014,15044,1,0,EXCLU,Depassement longueur (> 2048 tokens: 5014)
27555,reconstruit,train.jsonl,3478,10434,1,0,EXCLU,Depassement longueur (> 2048 tokens: 3478)
24707,reconstruit,train.jsonl,6926,20780,1,0,EXCLU,Depassement longueur (> 2048 tokens: 6926)
32492,reconstruit,train.jsonl,3999,11998,1,0,EXCLU,Depassement longueur (> 2048 tokens: 3999)
27560,reconstruit,train.jsonl,1703,5110,1,1,RETENU,Conforme (<= 2048 tokens)
32589,reconstruit,train.jsonl,2055,6166,1,0,EXCLU,Depassement longueur (> 2048 tokens: 2055)
24491,reconstruit,train.jsonl,5497,16491,1,0,EXCLU,Depassement longueur (> 2048 tokens: 5497)
25760,reconstruit,train.jsonl,7086,21260,1,0,EXCLU,Depassement longueur (> 2048 tokens: 7086)
32290,reconstruit,train.jsonl,2588,7766,1,0,EXCLU,Depassement longueur (> 2048 tokens: 2588)
25961,reconstruit,train.jsonl,5327,15983,1,0,EXCLU,Depassement longueur (> 2048 tokens: 5327)
24736,reconstruit,train.jsonl,5782,17347,1,0,EXCLU,Depassement longueur (> 2048 tokens: 5782)
29280,reconstruit,train.jsonl,3442,10328,1,0,EXCLU,Depassement longueur (> 2048 tokens: 3442)
25388,reconstruit,train.jsonl,2749,8248,1,0,EXCLU,Depassement longueur (> 2048 tokens: 2749)
36736,reconstruit,train.jsonl,3203,9611,1,0,EXCLU,Depassement longueur (> 2048 tokens: 3203)
25882,reconstruit,train.jsonl,6002,18006,1,0,EXCLU,Depassement longueur (> 2048 tokens: 6002)
37958,reconstruit,train.jsonl,2990,8971,1,0,EXCLU,Depassement longueur (> 2048 tokens: 2990)
36082,gemma_self,self.jsonl,2727,8182,1,0,EXCLU,Depassement longueur (> 2048 tokens: 2727)
25972,reconstruit,train.jsonl,7868,23606,1,0,EXCLU,Depassement longueur (> 2048 tokens: 7868)
26788,reconstruit,train.jsonl,4472,13416,1,0,EXCLU,Depassement longueur (> 2048 tokens: 4472)
26434,reconstruit,train.jsonl,1510,4532,1,1,RETENU,Conforme (<= 2048 tokens)
28031,reconstruit,train.jsonl,2710,8131,1,0,EXCLU,Depassement longueur (> 2048 tokens: 2710)
31620,reconstruit,train.jsonl,3926,11779,1,0,EXCLU,Depassement longueur (> 2048 tokens: 3926)
38136,reconstruit,train.jsonl,5924,17772,1,0,EXCLU,Depassement longueur (> 2048 tokens: 5924)
26658,reconstruit,train.jsonl,1226,3679,1,1,RETENU,Conforme (<= 2048 tokens)
24899,reconstruit,train.jsonl,4851,14555,1,0,EXCLU,Depassement longueur (> 2048 tokens: 4851)
25898,reconstruit,train.jsonl,3976,11929,1,0,EXCLU,Depassement longueur (> 2048 tokens: 3976)
36403,reconstruit,train.jsonl,4107,12322,1,0,EXCLU,Depassement longueur (> 2048 tokens: 4107)
26392,reconstruit,train.jsonl,2085,6257,1,0,EXCLU,Depassement longueur (> 2048 tokens: 2085)
30309,reconstruit,train.jsonl,4676,14030,1,0,EXCLU,Depassement longueur (> 2048 tokens: 4676)
14727,reconstruit,train.jsonl,2378,7136,1,0,EXCLU,Depassement longueur (> 2048 tokens: 2378)
27339,reconstruit,train.jsonl,3016,9049,1,0,EXCLU,Depassement longueur (> 2048 tokens: 3016)
29647,reconstruit,train.jsonl,1666,5000,1,1,RETENU,Conforme (<= 2048 tokens)
36101,reconstruit,train.jsonl,2816,8449,1,0,EXCLU,Depassement longueur (> 2048 tokens: 2816)
29340,reconstruit,train.jsonl,4514,13543,1,0,EXCLU,Depassement longueur (> 2048 tokens: 4514)
37874,reconstruit,train.jsonl,3304,9912,1,0,EXCLU,Depassement longueur (> 2048 tokens: 3304)
31152,reconstruit,train.jsonl,4060,12180,1,0,EXCLU,Depassement longueur (> 2048 tokens: 4060)
32215,reconstruit,train.jsonl,4349,13047,1,0,EXCLU,Depassement longueur (> 2048 tokens: 4349)
38263,reconstruit,train.jsonl,3384,10154,1,0,EXCLU,Depassement longueur (> 2048 tokens: 3384)
37925,reconstruit,train.jsonl,3832,11498,1,0,EXCLU,Depassement longueur (> 2048 tokens: 3832)
26447,reconstruit,train.jsonl,4592,13778,1,0,EXCLU,Depassement longueur (> 2048 tokens: 4592)
28947,reconstruit,train.jsonl,2719,8158,1,0,EXCLU,Depassement longueur (> 2048 tokens: 2719)
30181,reconstruit,train.jsonl,2250,6752,1,0,EXCLU,Depassement longueur (> 2048 tokens: 2250)
32116,reconstruit,train.jsonl,2388,7165,1,0,EXCLU,Depassement longueur (> 2048 tokens: 2388)
27389,reconstruit,train.jsonl,2490,7472,1,0,EXCLU,Depassement longueur (> 2048 tokens: 2490)
32885,reconstruit,train.jsonl,3043,9131,1,0,EXCLU,Depassement longueur (> 2048 tokens: 3043)
29186,reconstruit,train.jsonl,4812,14436,1,0,EXCLU,Depassement longueur (> 2048 tokens: 4812)
28821,reconstruit,train.jsonl,4446,13338,1,0,EXCLU,Depassement longueur (> 2048 tokens: 4446)
37942,reconstruit,train.jsonl,4234,12702,1,0,EXCLU,Depassement longueur (> 2048 tokens: 4234)
37944,reconstruit,train.jsonl,1860,5582,1,1,RETENU,Conforme (<= 2048 tokens)
36123,reconstruit,train.jsonl,5878,17634,1,0,EXCLU,Depassement longueur (> 2048 tokens: 5878)
32199,reconstruit,train.jsonl,5796,17388,1,0,EXCLU,Depassement longueur (> 2048 tokens: 5796)
26068,reconstruit,train.jsonl,3931,11795,1,0,EXCLU,Depassement longueur (> 2048 tokens: 3931)
34823,reconstruit,train.jsonl,5251,15755,1,0,EXCLU,Depassement longueur (> 2048 tokens: 5251)
24782,reconstruit,train.jsonl,3997,11992,1,0,EXCLU,Depassement longueur (> 2048 tokens: 3997)
23789,reconstruit,train.jsonl,6261,18784,1,0,EXCLU,Depassement longueur (> 2048 tokens: 6261)
23844,reconstruit,train.jsonl,2144,6433,1,0,EXCLU,Depassement longueur (> 2048 tokens: 2144)
29910,reconstruit,train.jsonl,2473,7420,1,0,EXCLU,Depassement longueur (> 2048 tokens: 2473)
25205,reconstruit,train.jsonl,1876,5630,1,1,RETENU,Conforme (<= 2048 tokens)
35587,reconstruit,train.jsonl,5409,16227,1,0,EXCLU,Depassement longueur (> 2048 tokens: 5409)
28426,reconstruit,train.jsonl,2433,7300,1,0,EXCLU,Depassement longueur (> 2048 tokens: 2433)
26221,reconstruit,train.jsonl,5728,17184,1,0,EXCLU,Depassement longueur (> 2048 tokens: 5728)
28540,reconstruit,train.jsonl,4888,14665,1,0,EXCLU,Depassement longueur (> 2048 tokens: 4888)
35021,reconstruit,train.jsonl,4107,12321,1,0,EXCLU,Depassement longueur (> 2048 tokens: 4107)
24461,reconstruit,train.jsonl,4520,13562,1,0,EXCLU,Depassement longueur (> 2048 tokens: 4520)
27922,reconstruit,train.jsonl,4145,12437,1,0,EXCLU,Depassement longueur (> 2048 tokens: 4145)
33151,reconstruit,train.jsonl,4733,14199,1,0,EXCLU,Depassement longueur (> 2048 tokens: 4733)
28458,gemma_self,self.jsonl,2311,6934,1,0,EXCLU,Depassement longueur (> 2048 tokens: 2311)
38203,reconstruit,train.jsonl,3589,10768,1,0,EXCLU,Depassement longueur (> 2048 tokens: 3589)
27643,reconstruit,train.jsonl,4361,13085,1,0,EXCLU,Depassement longueur (> 2048 tokens: 4361)
28829,reconstruit,train.jsonl,3960,11880,1,0,EXCLU,Depassement longueur (> 2048 tokens: 3960)
28930,reconstruit,train.jsonl,4909,14729,1,0,EXCLU,Depassement longueur (> 2048 tokens: 4909)
25784,reconstruit,train.jsonl,3807,11422,1,0,EXCLU,Depassement longueur (> 2048 tokens: 3807)
38152,reconstruit,train.jsonl,1817,5453,1,1,RETENU,Conforme (<= 2048 tokens)
36123,gemma_self,self.jsonl,4237,12712,1,0,EXCLU,Depassement longueur (> 2048 tokens: 4237)
30818,reconstruit,train.jsonl,2622,7867,1,0,EXCLU,Depassement longueur (> 2048 tokens: 2622)
25572,reconstruit,train.jsonl,4203,12609,1,0,EXCLU,Depassement longueur (> 2048 tokens: 4203)
35322,reconstruit,train.jsonl,3058,9174,1,0,EXCLU,Depassement longueur (> 2048 tokens: 3058)
26748,reconstruit,train.jsonl,6329,18989,1,0,EXCLU,Depassement longueur (> 2048 tokens: 6329)
23541,reconstruit,train.jsonl,2443,7331,1,0,EXCLU,Depassement longueur (> 2048 tokens: 2443)
29571,gemma_self,self.jsonl,1598,4795,1,1,RETENU,Conforme (<= 2048 tokens)
33107,reconstruit,train.jsonl,1799,5398,1,1,RETENU,Conforme (<= 2048 tokens)
31241,reconstruit,train.jsonl,3490,10471,1,0,EXCLU,Depassement longueur (> 2048 tokens: 3490)
35384,reconstruit,train.jsonl,2265,6796,1,0,EXCLU,Depassement longueur (> 2048 tokens: 2265)
30314,reconstruit,train.jsonl,5351,16053,1,0,EXCLU,Depassement longueur (> 2048 tokens: 5351)
37775,reconstruit,train.jsonl,2618,7854,1,0,EXCLU,Depassement longueur (> 2048 tokens: 2618)
25111,reconstruit,train.jsonl,5792,17378,1,0,EXCLU,Depassement longueur (> 2048 tokens: 5792)
24457,reconstruit,train.jsonl,3190,9572,1,0,EXCLU,Depassement longueur (> 2048 tokens: 3190)
29740,reconstruit,train.jsonl,3259,9778,1,0,EXCLU,Depassement longueur (> 2048 tokens: 3259)
29020,reconstruit,train.jsonl,2922,8767,1,0,EXCLU,Depassement longueur (> 2048 tokens: 2922)
29741,reconstruit,train.jsonl,3697,11093,1,0,EXCLU,Depassement longueur (> 2048 tokens: 3697)
26201,reconstruit,train.jsonl,4844,14533,1,0,EXCLU,Depassement longueur (> 2048 tokens: 4844)
30737,reconstruit,train.jsonl,6352,19058,1,0,EXCLU,Depassement longueur (> 2048 tokens: 6352)
29161,reconstruit,train.jsonl,3333,10000,1,0,EXCLU,Depassement longueur (> 2048 tokens: 3333)
25749,reconstruit,train.jsonl,6097,18293,1,0,EXCLU,Depassement longueur (> 2048 tokens: 6097)
36027,reconstruit,train.jsonl,6590,19772,1,0,EXCLU,Depassement longueur (> 2048 tokens: 6590)
25900,reconstruit,train.jsonl,1646,4939,1,1,RETENU,Conforme (<= 2048 tokens)
29534,reconstruit,train.jsonl,5630,16891,1,0,EXCLU,Depassement longueur (> 2048 tokens: 5630)
30993,reconstruit,train.jsonl,5484,16452,1,0,EXCLU,Depassement longueur (> 2048 tokens: 5484)
28022,reconstruit,train.jsonl,5835,17505,1,0,EXCLU,Depassement longueur (> 2048 tokens: 5835)
35621,reconstruit,train.jsonl,3083,9251,1,0,EXCLU,Depassement longueur (> 2048 tokens: 3083)
31223,reconstruit,train.jsonl,4467,13402,1,0,EXCLU,Depassement longueur (> 2048 tokens: 4467)
23234,reconstruit,train.jsonl,5337,16012,1,0,EXCLU,Depassement longueur (> 2048 tokens: 5337)
31355,reconstruit,train.jsonl,1706,5120,1,1,RETENU,Conforme (<= 2048 tokens)
30284,reconstruit,train.jsonl,3120,9362,1,0,EXCLU,Depassement longueur (> 2048 tokens: 3120)
36792,reconstruit,train.jsonl,2961,8885,1,0,EXCLU,Depassement longueur (> 2048 tokens: 2961)
27758,reconstruit,train.jsonl,5600,16801,1,0,EXCLU,Depassement longueur (> 2048 tokens: 5600)
24773,reconstruit,train.jsonl,3732,11198,1,0,EXCLU,Depassement longueur (> 2048 tokens: 3732)
26380,reconstruit,train.jsonl,3671,11014,1,0,EXCLU,Depassement longueur (> 2048 tokens: 3671)
37589,reconstruit,train.jsonl,3755,11267,1,0,EXCLU,Depassement longueur (> 2048 tokens: 3755)
37679,reconstruit,train.jsonl,3291,9873,1,0,EXCLU,Depassement longueur (> 2048 tokens: 3291)
25139,reconstruit,train.jsonl,1362,4088,1,1,RETENU,Conforme (<= 2048 tokens)
24286,reconstruit,train.jsonl,3999,11997,1,0,EXCLU,Depassement longueur (> 2048 tokens: 3999)
29515,reconstruit,train.jsonl,6165,18496,1,0,EXCLU,Depassement longueur (> 2048 tokens: 6165)
38157,reconstruit,train.jsonl,4617,13851,1,0,EXCLU,Depassement longueur (> 2048 tokens: 4617)
24696,reconstruit,train.jsonl,6166,18498,1,0,EXCLU,Depassement longueur (> 2048 tokens: 6166)
25551,reconstruit,train.jsonl,2793,8381,1,0,EXCLU,Depassement longueur (> 2048 tokens: 2793)
38008,reconstruit,train.jsonl,1677,5033,1,1,RETENU,Conforme (<= 2048 tokens)
38056,reconstruit,train.jsonl,4319,12957,1,0,EXCLU,Depassement longueur (> 2048 tokens: 4319)
23857,reconstruit,train.jsonl,2664,7992,1,0,EXCLU,Depassement longueur (> 2048 tokens: 2664)
34857,reconstruit,train.jsonl,6494,19483,1,0,EXCLU,Depassement longueur (> 2048 tokens: 6494)
38341,reconstruit,train.jsonl,4643,13930,1,0,EXCLU,Depassement longueur (> 2048 tokens: 4643)
34917,reconstruit,train.jsonl,2695,8087,1,0,EXCLU,Depassement longueur (> 2048 tokens: 2695)
33495,reconstruit,train.jsonl,4503,13511,1,0,EXCLU,Depassement longueur (> 2048 tokens: 4503)
28281,reconstruit,train.jsonl,3856,11568,1,0,EXCLU,Depassement longueur (> 2048 tokens: 3856)
30745,reconstruit,train.jsonl,2633,7899,1,0,EXCLU,Depassement longueur (> 2048 tokens: 2633)
27429,reconstruit,train.jsonl,1495,4485,1,1,RETENU,Conforme (<= 2048 tokens)
31223,gemma_self,self.jsonl,3207,9621,1,0,EXCLU,Depassement longueur (> 2048 tokens: 3207)
29619,reconstruit,train.jsonl,4692,14077,1,0,EXCLU,Depassement longueur (> 2048 tokens: 4692)
33212,reconstruit,train.jsonl,5644,16933,1,0,EXCLU,Depassement longueur (> 2048 tokens: 5644)
23406,reconstruit,train.jsonl,3668,11006,1,0,EXCLU,Depassement longueur (> 2048 tokens: 3668)
37955,gemma_self,self.jsonl,2964,8894,1,0,EXCLU,Depassement longueur (> 2048 tokens: 2964)
24325,reconstruit,train.jsonl,1719,5157,1,1,RETENU,Conforme (<= 2048 tokens)
24120,reconstruit,train.jsonl,2037,6112,1,1,RETENU,Conforme (<= 2048 tokens)
29660,reconstruit,train.jsonl,2760,8280,1,0,EXCLU,Depassement longueur (> 2048 tokens: 2760)
36807,reconstruit,train.jsonl,3950,11851,1,0,EXCLU,Depassement longueur (> 2048 tokens: 3950)
27748,reconstruit,train.jsonl,1930,5791,1,1,RETENU,Conforme (<= 2048 tokens)
32631,reconstruit,train.jsonl,4813,14440,1,0,EXCLU,Depassement longueur (> 2048 tokens: 4813)
31032,reconstruit,train.jsonl,4171,12513,1,0,EXCLU,Depassement longueur (> 2048 tokens: 4171)
36052,reconstruit,train.jsonl,5174,15522,1,0,EXCLU,Depassement longueur (> 2048 tokens: 5174)
23177,reconstruit,train.jsonl,1625,4876,1,1,RETENU,Conforme (<= 2048 tokens)
27781,reconstruit,train.jsonl,6590,19772,1,0,EXCLU,Depassement longueur (> 2048 tokens: 6590)
26561,reconstruit,train.jsonl,3004,9013,1,0,EXCLU,Depassement longueur (> 2048 tokens: 3004)
27874,reconstruit,train.jsonl,4465,13397,1,0,EXCLU,Depassement longueur (> 2048 tokens: 4465)
33660,reconstruit,train.jsonl,6024,18072,1,0,EXCLU,Depassement longueur (> 2048 tokens: 6024)
26994,reconstruit,train.jsonl,4360,13081,1,0,EXCLU,Depassement longueur (> 2048 tokens: 4360)
37877,reconstruit,train.jsonl,5429,16287,1,0,EXCLU,Depassement longueur (> 2048 tokens: 5429)
24555,reconstruit,train.jsonl,3514,10544,1,0,EXCLU,Depassement longueur (> 2048 tokens: 3514)
36472,reconstruit,train.jsonl,5047,15142,1,0,EXCLU,Depassement longueur (> 2048 tokens: 5047)
25286,reconstruit,train.jsonl,6062,18187,1,0,EXCLU,Depassement longueur (> 2048 tokens: 6062)
24576,reconstruit,train.jsonl,3132,9396,1,0,EXCLU,Depassement longueur (> 2048 tokens: 3132)
30511,reconstruit,train.jsonl,4148,12446,1,0,EXCLU,Depassement longueur (> 2048 tokens: 4148)
25635,reconstruit,train.jsonl,1616,4848,1,1,RETENU,Conforme (<= 2048 tokens)
27276,reconstruit,train.jsonl,5266,15798,1,0,EXCLU,Depassement longueur (> 2048 tokens: 5266)
37970,gemma_self,self.jsonl,2700,8102,1,0,EXCLU,Depassement longueur (> 2048 tokens: 2700)
25082,reconstruit,train.jsonl,4298,12896,1,0,EXCLU,Depassement longueur (> 2048 tokens: 4298)
29324,reconstruit,train.jsonl,3418,10255,1,0,EXCLU,Depassement longueur (> 2048 tokens: 3418)
31667,reconstruit,train.jsonl,2804,8414,1,0,EXCLU,Depassement longueur (> 2048 tokens: 2804)
33860,reconstruit,train.jsonl,3250,9750,1,0,EXCLU,Depassement longueur (> 2048 tokens: 3250)
29756,reconstruit,train.jsonl,7369,22108,1,0,EXCLU,Depassement longueur (> 2048 tokens: 7369)
33089,reconstruit,train.jsonl,1702,5107,1,1,RETENU,Conforme (<= 2048 tokens)
26526,reconstruit,train.jsonl,2601,7803,1,0,EXCLU,Depassement longueur (> 2048 tokens: 2601)
25107,reconstruit,train.jsonl,5173,15520,1,0,EXCLU,Depassement longueur (> 2048 tokens: 5173)
34370,reconstruit,train.jsonl,4536,13609,1,0,EXCLU,Depassement longueur (> 2048 tokens: 4536)
25375,reconstruit,train.jsonl,4031,12094,1,0,EXCLU,Depassement longueur (> 2048 tokens: 4031)
29909,reconstruit,train.jsonl,4308,12924,1,0,EXCLU,Depassement longueur (> 2048 tokens: 4308)
27394,reconstruit,train.jsonl,4978,14934,1,0,EXCLU,Depassement longueur (> 2048 tokens: 4978)
25982,reconstruit,train.jsonl,4781,14344,1,0,EXCLU,Depassement longueur (> 2048 tokens: 4781)
37838,reconstruit,train.jsonl,2973,8920,1,0,EXCLU,Depassement longueur (> 2048 tokens: 2973)
25629,reconstruit,train.jsonl,5820,17462,1,0,EXCLU,Depassement longueur (> 2048 tokens: 5820)
31171,reconstruit,train.jsonl,7085,21257,1,0,EXCLU,Depassement longueur (> 2048 tokens: 7085)
36875,gemma_self,self.jsonl,2847,8542,1,0,EXCLU,Depassement longueur (> 2048 tokens: 2847)
31006,reconstruit,train.jsonl,4771,14315,1,0,EXCLU,Depassement longueur (> 2048 tokens: 4771)
24116,reconstruit,train.jsonl,3893,11681,1,0,EXCLU,Depassement longueur (> 2048 tokens: 3893)
34699,reconstruit,train.jsonl,2363,7089,1,0,EXCLU,Depassement longueur (> 2048 tokens: 2363)
29281,reconstruit,train.jsonl,3228,9684,1,0,EXCLU,Depassement longueur (> 2048 tokens: 3228)
24823,reconstruit,train.jsonl,5210,15631,1,0,EXCLU,Depassement longueur (> 2048 tokens: 5210)
29638,reconstruit,train.jsonl,5034,15103,1,0,EXCLU,Depassement longueur (> 2048 tokens: 5034)
32540,reconstruit,train.jsonl,3095,9285,1,0,EXCLU,Depassement longueur (> 2048 tokens: 3095)
32515,reconstruit,train.jsonl,2029,6089,1,1,RETENU,Conforme (<= 2048 tokens)
29801,reconstruit,train.jsonl,5900,17702,1,0,EXCLU,Depassement longueur (> 2048 tokens: 5900)
23407,reconstruit,train.jsonl,4624,13872,1,0,EXCLU,Depassement longueur (> 2048 tokens: 4624)
29944,reconstruit,train.jsonl,3924,11772,1,0,EXCLU,Depassement longueur (> 2048 tokens: 3924)
29122,reconstruit,train.jsonl,4100,12302,1,0,EXCLU,Depassement longueur (> 2048 tokens: 4100)
28447,reconstruit,train.jsonl,4644,13934,1,0,EXCLU,Depassement longueur (> 2048 tokens: 4644)
29481,reconstruit,train.jsonl,4262,12787,1,0,EXCLU,Depassement longueur (> 2048 tokens: 4262)
26987,reconstruit,train.jsonl,4365,13096,1,0,EXCLU,Depassement longueur (> 2048 tokens: 4365)
36875,reconstruit,train.jsonl,4191,12575,1,0,EXCLU,Depassement longueur (> 2048 tokens: 4191)
37869,reconstruit,train.jsonl,3120,9362,1,0,EXCLU,Depassement longueur (> 2048 tokens: 3120)
27776,reconstruit,train.jsonl,3588,10766,1,0,EXCLU,Depassement longueur (> 2048 tokens: 3588)
31571,gemma_self,self.jsonl,2941,8825,1,0,EXCLU,Depassement longueur (> 2048 tokens: 2941)
25305,reconstruit,train.jsonl,2967,8903,1,0,EXCLU,Depassement longueur (> 2048 tokens: 2967)
29420,reconstruit,train.jsonl,4506,13520,1,0,EXCLU,Depassement longueur (> 2048 tokens: 4506)
24632,reconstruit,train.jsonl,2365,7095,1,0,EXCLU,Depassement longueur (> 2048 tokens: 2365)
24527,reconstruit,train.jsonl,2677,8031,1,0,EXCLU,Depassement longueur (> 2048 tokens: 2677)
37267,reconstruit,train.jsonl,6023,18069,1,0,EXCLU,Depassement longueur (> 2048 tokens: 6023)
35530,reconstruit,train.jsonl,3167,9502,1,0,EXCLU,Depassement longueur (> 2048 tokens: 3167)
32715,reconstruit,train.jsonl,4478,13436,1,0,EXCLU,Depassement longueur (> 2048 tokens: 4478)
32339,reconstruit,train.jsonl,2533,7599,1,0,EXCLU,Depassement longueur (> 2048 tokens: 2533)
23630,reconstruit,train.jsonl,3313,9941,1,0,EXCLU,Depassement longueur (> 2048 tokens: 3313)
29047,reconstruit,train.jsonl,4864,14592,1,0,EXCLU,Depassement longueur (> 2048 tokens: 4864)
31729,reconstruit,train.jsonl,3318,9955,1,0,EXCLU,Depassement longueur (> 2048 tokens: 3318)
23584,reconstruit,train.jsonl,5748,17244,1,0,EXCLU,Depassement longueur (> 2048 tokens: 5748)
25413,reconstruit,train.jsonl,5524,16574,1,0,EXCLU,Depassement longueur (> 2048 tokens: 5524)
34441,reconstruit,train.jsonl,4797,14392,1,0,EXCLU,Depassement longueur (> 2048 tokens: 4797)
24269,reconstruit,train.jsonl,3431,10295,1,0,EXCLU,Depassement longueur (> 2048 tokens: 3431)
24005,reconstruit,train.jsonl,2090,6271,1,0,EXCLU,Depassement longueur (> 2048 tokens: 2090)
25439,reconstruit,train.jsonl,6392,19177,1,0,EXCLU,Depassement longueur (> 2048 tokens: 6392)
34715,reconstruit,train.jsonl,4342,13027,1,0,EXCLU,Depassement longueur (> 2048 tokens: 4342)
29417,reconstruit,train.jsonl,2363,7090,1,0,EXCLU,Depassement longueur (> 2048 tokens: 2363)
34376,reconstruit,train.jsonl,3816,11449,1,0,EXCLU,Depassement longueur (> 2048 tokens: 3816)
29589,reconstruit,train.jsonl,1796,5389,1,1,RETENU,Conforme (<= 2048 tokens)
29762,reconstruit,train.jsonl,3206,9618,1,0,EXCLU,Depassement longueur (> 2048 tokens: 3206)
26492,reconstruit,train.jsonl,2296,6889,1,0,EXCLU,Depassement longueur (> 2048 tokens: 2296)
31337,reconstruit,train.jsonl,2070,6211,1,0,EXCLU,Depassement longueur (> 2048 tokens: 2070)
27406,reconstruit,train.jsonl,4581,13745,1,0,EXCLU,Depassement longueur (> 2048 tokens: 4581)
32406,reconstruit,train.jsonl,1630,4892,1,1,RETENU,Conforme (<= 2048 tokens)
24594,reconstruit,train.jsonl,1741,5224,1,1,RETENU,Conforme (<= 2048 tokens)
26394,reconstruit,train.jsonl,2816,8448,1,0,EXCLU,Depassement longueur (> 2048 tokens: 2816)
31772,reconstruit,train.jsonl,7693,23079,1,0,EXCLU,Depassement longueur (> 2048 tokens: 7693)
26954,reconstruit,train.jsonl,3779,11337,1,0,EXCLU,Depassement longueur (> 2048 tokens: 3779)
31823,reconstruit,train.jsonl,3333,10000,1,0,EXCLU,Depassement longueur (> 2048 tokens: 3333)
37412,reconstruit,train.jsonl,5231,15694,1,0,EXCLU,Depassement longueur (> 2048 tokens: 5231)
24270,reconstruit,train.jsonl,3123,9371,1,0,EXCLU,Depassement longueur (> 2048 tokens: 3123)
28315,reconstruit,train.jsonl,4029,12088,1,0,EXCLU,Depassement longueur (> 2048 tokens: 4029)
26823,reconstruit,train.jsonl,6221,18663,1,0,EXCLU,Depassement longueur (> 2048 tokens: 6221)
28780,reconstruit,train.jsonl,5705,17115,1,0,EXCLU,Depassement longueur (> 2048 tokens: 5705)
24982,reconstruit,train.jsonl,4487,13463,1,0,EXCLU,Depassement longueur (> 2048 tokens: 4487)
37861,reconstruit,train.jsonl,5688,17066,1,0,EXCLU,Depassement longueur (> 2048 tokens: 5688)
26415,reconstruit,train.jsonl,3747,11243,1,0,EXCLU,Depassement longueur (> 2048 tokens: 3747)
31654,reconstruit,train.jsonl,3226,9679,1,0,EXCLU,Depassement longueur (> 2048 tokens: 3226)
24248,reconstruit,train.jsonl,2799,8399,1,0,EXCLU,Depassement longueur (> 2048 tokens: 2799)
25295,reconstruit,train.jsonl,3584,10753,1,0,EXCLU,Depassement longueur (> 2048 tokens: 3584)
31235,reconstruit,train.jsonl,2976,8930,1,0,EXCLU,Depassement longueur (> 2048 tokens: 2976)
33156,reconstruit,train.jsonl,7615,22846,1,0,EXCLU,Depassement longueur (> 2048 tokens: 7615)
27947,reconstruit,train.jsonl,2632,7897,1,0,EXCLU,Depassement longueur (> 2048 tokens: 2632)
33083,reconstruit,train.jsonl,5298,15895,1,0,EXCLU,Depassement longueur (> 2048 tokens: 5298)
37030,reconstruit,train.jsonl,3653,10961,1,0,EXCLU,Depassement longueur (> 2048 tokens: 3653)
24274,reconstruit,train.jsonl,3212,9637,1,0,EXCLU,Depassement longueur (> 2048 tokens: 3212)
32042,reconstruit,train.jsonl,3911,11733,1,0,EXCLU,Depassement longueur (> 2048 tokens: 3911)
25776,reconstruit,train.jsonl,4726,14178,1,0,EXCLU,Depassement longueur (> 2048 tokens: 4726)
25491,reconstruit,train.jsonl,3674,11024,1,0,EXCLU,Depassement longueur (> 2048 tokens: 3674)
33164,reconstruit,train.jsonl,1711,5134,1,1,RETENU,Conforme (<= 2048 tokens)
25558,reconstruit,train.jsonl,2330,6992,1,0,EXCLU,Depassement longueur (> 2048 tokens: 2330)
27175,reconstruit,train.jsonl,5885,17656,1,0,EXCLU,Depassement longueur (> 2048 tokens: 5885)
29158,reconstruit,train.jsonl,3627,10882,1,0,EXCLU,Depassement longueur (> 2048 tokens: 3627)
29256,reconstruit,train.jsonl,3403,10211,1,0,EXCLU,Depassement longueur (> 2048 tokens: 3403)
35902,reconstruit,train.jsonl,5496,16490,1,0,EXCLU,Depassement longueur (> 2048 tokens: 5496)
28923,reconstruit,train.jsonl,6705,20115,1,0,EXCLU,Depassement longueur (> 2048 tokens: 6705)
36834,reconstruit,train.jsonl,3965,11895,1,0,EXCLU,Depassement longueur (> 2048 tokens: 3965)
23752,reconstruit,train.jsonl,1949,5848,1,1,RETENU,Conforme (<= 2048 tokens)
25004,reconstruit,train.jsonl,4002,12007,1,0,EXCLU,Depassement longueur (> 2048 tokens: 4002)
37970,reconstruit,train.jsonl,4257,12772,1,0,EXCLU,Depassement longueur (> 2048 tokens: 4257)
37220,reconstruit,train.jsonl,5318,15955,1,0,EXCLU,Depassement longueur (> 2048 tokens: 5318)
32535,reconstruit,train.jsonl,3708,11124,1,0,EXCLU,Depassement longueur (> 2048 tokens: 3708)
25613,reconstruit,train.jsonl,3772,11317,1,0,EXCLU,Depassement longueur (> 2048 tokens: 3772)
23583,reconstruit,train.jsonl,1514,4542,1,1,RETENU,Conforme (<= 2048 tokens)
36840,reconstruit,train.jsonl,3493,10480,1,0,EXCLU,Depassement longueur (> 2048 tokens: 3493)
25302,reconstruit,train.jsonl,3279,9838,1,0,EXCLU,Depassement longueur (> 2048 tokens: 3279)
34700,reconstruit,train.jsonl,3696,11088,1,0,EXCLU,Depassement longueur (> 2048 tokens: 3696)
29375,reconstruit,train.jsonl,3416,10249,1,0,EXCLU,Depassement longueur (> 2048 tokens: 3416)
31255,reconstruit,train.jsonl,6463,19391,1,0,EXCLU,Depassement longueur (> 2048 tokens: 6463)
37996,reconstruit,train.jsonl,2641,7923,1,0,EXCLU,Depassement longueur (> 2048 tokens: 2641)
24353,reconstruit,train.jsonl,1942,5828,1,1,RETENU,Conforme (<= 2048 tokens)
25904,reconstruit,train.jsonl,2092,6276,1,0,EXCLU,Depassement longueur (> 2048 tokens: 2092)
25665,reconstruit,train.jsonl,2488,7464,1,0,EXCLU,Depassement longueur (> 2048 tokens: 2488)
36082,reconstruit,train.jsonl,4524,13574,1,0,EXCLU,Depassement longueur (> 2048 tokens: 4524)
25291,reconstruit,train.jsonl,2183,6551,1,0,EXCLU,Depassement longueur (> 2048 tokens: 2183)
36229,reconstruit,train.jsonl,4071,12214,1,0,EXCLU,Depassement longueur (> 2048 tokens: 4071)
28568,reconstruit,train.jsonl,1652,4956,1,1,RETENU,Conforme (<= 2048 tokens)
26188,reconstruit,train.jsonl,3678,11035,1,0,EXCLU,Depassement longueur (> 2048 tokens: 3678)
31703,reconstruit,train.jsonl,3025,9077,1,0,EXCLU,Depassement longueur (> 2048 tokens: 3025)
33428,reconstruit,train.jsonl,5950,17850,1,0,EXCLU,Depassement longueur (> 2048 tokens: 5950)
29055,reconstruit,train.jsonl,4413,13240,1,0,EXCLU,Depassement longueur (> 2048 tokens: 4413)
25987,reconstruit,train.jsonl,1443,4329,1,1,RETENU,Conforme (<= 2048 tokens)
28762,reconstruit,train.jsonl,2945,8836,1,0,EXCLU,Depassement longueur (> 2048 tokens: 2945)
33255,reconstruit,train.jsonl,3684,11053,1,0,EXCLU,Depassement longueur (> 2048 tokens: 3684)
36662,gemma_self,self.jsonl,2949,8848,1,0,EXCLU,Depassement longueur (> 2048 tokens: 2949)
24094,reconstruit,train.jsonl,5126,15380,1,0,EXCLU,Depassement longueur (> 2048 tokens: 5126)
27308,reconstruit,train.jsonl,1593,4779,1,1,RETENU,Conforme (<= 2048 tokens)
31637,reconstruit,train.jsonl,4172,12518,1,0,EXCLU,Depassement longueur (> 2048 tokens: 4172)
27889,reconstruit,train.jsonl,1553,4659,1,1,RETENU,Conforme (<= 2048 tokens)
28711,reconstruit,train.jsonl,4698,14094,1,0,EXCLU,Depassement longueur (> 2048 tokens: 4698)
32345,reconstruit,train.jsonl,2245,6735,1,0,EXCLU,Depassement longueur (> 2048 tokens: 2245)
28987,reconstruit,train.jsonl,2205,6616,1,0,EXCLU,Depassement longueur (> 2048 tokens: 2205)
38417,reconstruit,train.jsonl,3422,10266,1,0,EXCLU,Depassement longueur (> 2048 tokens: 3422)
29821,reconstruit,train.jsonl,7194,21582,1,0,EXCLU,Depassement longueur (> 2048 tokens: 7194)
24848,reconstruit,train.jsonl,3253,9759,1,0,EXCLU,Depassement longueur (> 2048 tokens: 3253)
31666,reconstruit,train.jsonl,4356,13068,1,0,EXCLU,Depassement longueur (> 2048 tokens: 4356)
36171,reconstruit,train.jsonl,4115,12347,1,0,EXCLU,Depassement longueur (> 2048 tokens: 4115)
38303,reconstruit,train.jsonl,4566,13698,1,0,EXCLU,Depassement longueur (> 2048 tokens: 4566)
38254,reconstruit,train.jsonl,4071,12213,1,0,EXCLU,Depassement longueur (> 2048 tokens: 4071)
27850,reconstruit,train.jsonl,2963,8890,1,0,EXCLU,Depassement longueur (> 2048 tokens: 2963)
36521,reconstruit,train.jsonl,2480,7442,1,0,EXCLU,Depassement longueur (> 2048 tokens: 2480)
29272,reconstruit,train.jsonl,4266,12798,1,0,EXCLU,Depassement longueur (> 2048 tokens: 4266)
35863,reconstruit,train.jsonl,3786,11360,1,0,EXCLU,Depassement longueur (> 2048 tokens: 3786)
34207,reconstruit,train.jsonl,4223,12671,1,0,EXCLU,Depassement longueur (> 2048 tokens: 4223)
15030,reconstruit,train.jsonl,2567,7702,1,0,EXCLU,Depassement longueur (> 2048 tokens: 2567)
24679,reconstruit,train.jsonl,7019,21057,1,0,EXCLU,Depassement longueur (> 2048 tokens: 7019)
24155,reconstruit,train.jsonl,3831,11493,1,0,EXCLU,Depassement longueur (> 2048 tokens: 3831)
38552,reconstruit,train.jsonl,3636,10908,1,0,EXCLU,Depassement longueur (> 2048 tokens: 3636)
35418,reconstruit,train.jsonl,4875,14625,1,0,EXCLU,Depassement longueur (> 2048 tokens: 4875)
