Rank,TeamId,TeamName,LastSubmissionDate,Score,SubmissionCount,TeamMemberUserNames
1,16948405,"ТониСтарк собрал реактор в яме","2026-10-02 03:09:31",0.24,2,samson8
2,16950258,"Statistical Science by Lasme","2026-10-01 00:06:19",0.17,8,sslasme
3,16953627,Makus,"2026-10-01 18:42:40",0.15,5,alexmartinez75
4,16957317,sergiomalv,"2026-10-01 00:12:42",0.15,7,sergiomalv
5,16977789,GopiPitchai,"2026-09-29 00:14:22",0.15,2,gopipitchai
6,16961625,Gabriel,"2026-10-01 00:21:05",0.15,7,gabeshaps
7,16948572,"Baidalin Adilzhan [dsmlkz]","2026-09-30 17:09:06",0.15,5,"baidalinadilzhan,kozykappa"
8,16972105,"Vivek K N","2026-09-30 19:45:00",0.15,3,vivekkn12221
9,16956348,Ajeya,"2026-10-01 13:09:21",0.15,6,divyakushpunjabi
10,17013409,"Michael Klassen","2026-10-01 12:08:44",0.15,1,michaelklassen
11,16967739,"Ilia Iliev","2026-10-01 15:48:32",0.15,3,iliailiev1
12,16986834,zegggg,"2026-10-01 18:47:00",0.15,1,zeyouzhang
13,16955462,"Chandan Ranjan","2026-10-01 01:31:35",0.13,3,chandanranjan
14,16951513,暗黑AGI,"2026-10-01 04:44:18",0.13,7,boristown
15,16956299,"Alperen ÖZ","2026-10-01 06:52:42",0.13,8,alperenzfddg
16,16958231,"Daniel Olajide","2026-09-30 00:02:27",0.13,6,danielolajide
17,16950316,"Jeki Wan Taufik","2026-09-26 03:36:39",0.13,1,jek1wantaufik
18,16950586,"Daniel Du","2026-09-29 12:30:19",0.13,6,nghongnhn
19,17016452,Iqiwgdyt!836,"2026-10-01 04:36:06",0.13,5,"iqiwgdyt836,izaznov"
20,16966000,"Howon Kang","2026-10-01 15:31:44",0.13,2,howonkang
21,16955985,DoRA,"2026-10-01 20:15:57",0.13,7,iztanmaymohan
22,16970228,"Pawan Bishnoi","2026-10-01 03:31:40",0.13,5,pawan0912
23,16968124,"Sukhendu Sain","2026-10-01 08:49:58",0.13,3,ssain18
24,16974238,Ingenhousz,"2026-09-27 20:11:48",0.13,1,ingenhousz
25,16948756,"Tarun Singhal","2026-09-29 03:38:28",0.13,3,singhaltarun
26,16952221,"Hironori Uchikawa","2026-09-30 22:00:08",0.13,5,huchkw
27,16957746,Harsha,"2026-10-01 02:58:27",0.13,6,harshakalluri14
28,16963316,"Bart Agent","2026-10-01 00:06:18",0.13,7,bartoszkarski
29,16982785,AbhilashVJ,"2026-10-01 05:16:04",0.13,3,abh001
30,16950298,HZM,"2026-10-01 01:06:00",0.13,4,leehann
31,16948026,"Emre Cirak","2026-10-01 15:09:34",0.13,8,biohack44
32,16969793,Steins,"2026-10-01 12:52:00",0.13,5,baccano
33,16969039,tomtom2026,"2026-10-01 00:07:54",0.13,5,tomtom2026
34,16954377,lingyu07,"2026-10-01 00:01:36",0.13,5,lingyu07
35,16955891,datatron,"2026-10-01 02:59:25",0.13,7,ankurcoplugdata
36,16951714,"Abdul Muiz","2026-10-01 05:01:45",0.13,5,seclayer
37,16977800,Zy_H,"2026-10-01 04:21:19",0.13,4,ziyang99
38,16951469,"Chandan Kumar Barada","2026-09-30 07:37:53",0.13,6,ckskaggle
39,16966576,"Raja Rajak","2026-10-01 13:18:54",0.13,5,rajrajak99
40,16989932,Ahmed_Sherif382,"2026-09-30 09:23:50",0.13,1,ahmedsherif382
41,16966022,"Sungjoon Park","2026-10-01 10:55:08",0.13,3,sungjoon94
42,16948690,AjitDaGeniusGuy,"2026-10-01 05:01:56",0.13,6,ajitdageniusguy
43,16956190,"Itan Ruiz","2026-09-30 17:48:25",0.13,3,"gamaerry,itanruiz"
44,16993339,Shiva,"2026-09-30 18:48:54",0.13,1,shivasai77
45,16992675,hertz,"2026-10-01 11:05:05",0.13,2,nori117
46,16952734,Haumea,"2026-10-01 11:27:28",0.13,1,chaitanyagullapalli
47,16968257,Fawad07,"2026-10-01 14:44:23",0.13,6,fawad07
48,16971902,"Kashyapsinh gohil","2026-10-01 14:50:56",0.13,2,kashyapsinhgohil
49,16950780,ZHYLAR,"2026-10-01 14:51:10",0.13,7,zhy527
50,16976543,ds,"2026-10-01 15:16:05",0.13,4,senzelden
51,16950592,yiyu0716,"2026-10-01 15:42:47",0.13,3,yiyu0716
52,16968766,"Bruno Jos/e Marques","2026-10-01 19:09:32",0.13,2,brunojosemarques
53,16961003,"The Other Left Racing","2026-10-01 19:16:46",0.13,2,marcinstecki
54,16953887,"Tony Li","2026-10-01 22:58:09",0.13,8,tonylica
55,16949918,"Brian msw","2026-10-02 00:07:00",0.13,8,brianmsw
56,16948719,"Angel Robles","2026-10-02 00:08:16",0.13,7,alrobles
57,16974126,tammamalasha,"2026-10-02 00:22:14",0.13,5,tammamalasha
58,16949401,"Roman Rozen","2026-10-01 20:06:33",0.12,2,romanrozen
59,16952535,daoviet,"2026-10-01 08:52:04",0.12,8,daoviet
60,16954250,"Kawchar Husain","2026-10-01 09:52:53",0.12,4,kawchar85
61,16949120,"Rahul Rathnavel K","2026-10-01 19:51:00",0.12,8,rahulrathnavel
62,16956263,"mahmoud al-ghraibeh","2026-10-01 14:20:05",0.12,8,mahmoudalghraibeh
63,16956919,"Mubin Shaikh","2026-09-28 07:43:49",0.12,5,shaikhmubin
64,16957037,"kwon yong deuk","2026-10-01 21:02:19",0.12,5,kwonyongdeuk
65,16947984,Yuchen20,"2026-09-24 22:10:15",0.12,1,yuchen2066
66,16949760,Radek,"2026-10-01 00:10:16",0.12,8,rathko
67,16956140,"Adarsh Varshney","2026-10-01 10:23:39",0.12,7,adarshvarshney
68,16950808,"Whisper Last","2026-09-30 08:45:31",0.12,6,whisperlast
69,16948663,BokingChen,"2026-10-01 01:33:25",0.12,5,chenbaoying
70,16958822,Thomas,"2026-10-01 01:30:07",0.12,7,tommurakami
71,16951759,"Chandram Dutta","2026-10-01 06:15:34",0.12,7,chandramdutta
72,16955452,"Leander Antony","2026-10-01 10:03:20",0.12,5,leanderantony30
73,16948781,Rapha,"2026-10-01 01:27:46",0.12,7,raphaabels
74,16958391,Gronk,"2026-10-01 03:21:41",0.12,7,jianyicai
75,16960703,"Mohamed Samir","2026-09-26 13:25:29",0.12,2,mosam002
76,16948032,"Lucas Hudson","2026-09-25 14:01:32",0.12,1,lucashudson
77,16961565,"vogts wu","2026-09-26 04:04:12",0.12,2,vogtswu
78,16956185,"Alan Karl","2026-09-25 15:32:59",0.12,1,alankarl
79,16954332,"Albert Wang","2026-10-01 00:25:04",0.12,3,mianwang1024
80,16950768,Krishna,"2026-10-01 16:38:38",0.12,5,"del=541caaf374a521bc,imvetri0,kaori02,mahirm01,wekayyes"
81,16956164,"Manuel Rinaldi","2026-10-01 09:38:51",0.12,7,manuel86
82,16949307,"Mizero Lucky Gall","2026-10-01 04:06:40",0.12,7,mizeroluckygall
83,16948817,FOYSAL,"2026-09-29 09:40:49",0.12,7,foysalemonshanto
84,16952696,LChaY,"2026-10-01 07:28:34",0.12,8,liuuu114514
85,16959072,"Nir Aberman","2026-10-01 03:56:55",0.12,4,niraberman
86,16961582,i_love_huyen_tran,"2026-09-28 00:09:17",0.12,4,hlly34
87,16966250,"LAHOUCINE BOUSMENE","2026-09-26 08:42:25",0.12,1,fadmadahouz
88,16949801,"No Name","2026-09-26 09:55:39",0.12,1,ivanj0
89,16967437,"Yohanes Lengkong","2026-09-26 13:19:56",0.12,1,yohanesfc
90,16954838,"Narendar Kumar Ale","2026-10-01 01:04:17",0.12,7,narendarkumarale
91,16968731,"Aditya Goyal","2026-09-30 17:50:33",0.12,3,synthreaper
92,16968999,YuelinDu,"2026-10-02 00:07:51",0.12,7,leon8701
93,16959234,"Angel Petrov","2026-09-29 13:25:22",0.12,5,angpetrov
94,16959418,"Ahmed Almarwani","2026-10-01 07:39:56",0.12,6,ahmedalmarwani
95,16956536,"Chang Pengyu","2026-10-01 00:02:22",0.12,6,changpengyu
96,16949775,"Carson Rodrigues","2026-10-01 00:01:22",0.12,7,carsonrodrigues
97,16964662,TalhaBacak,"2026-10-01 23:40:15",0.12,6,talhabacak
98,16957036,zglg,"2026-09-29 03:47:17",0.12,4,jackzhenguo
99,16961828,raydestar,"2026-09-28 03:29:05",0.12,3,raydestar
100,16966095,"Harijs Ceriņš","2026-09-28 16:20:01",0.12,3,harijscerins
101,16950039,Matterhorn3838,"2026-10-01 05:34:40",0.12,5,matterhorn3838
102,16949894,"ISAKA Tsuyoshi","2026-10-01 01:48:53",0.12,9,isakatsuyoshi
103,16953466,"Dheerendra Singh Tomar","2026-09-27 15:21:24",0.12,3,tomardheerendra
104,16954886,"HUANG PENGYU","2026-09-27 16:05:09",0.12,3,huangpengyu
105,16956158,"Ayiloye Timothy","2026-09-27 17:41:24",0.12,3,ayiloyetimothy
106,16949639,juliencst,"2026-09-27 18:36:13",0.12,5,juliencst
107,16947997,"Kerem Celik","2026-10-01 13:42:49",0.12,4,keremelik
108,16969652,"Osama Abdelaal","2026-10-01 19:39:25",0.12,5,osama133
109,16953531,clustifier,"2026-09-29 11:37:33",0.12,4,clustifier
110,16951018,Kagamihara,"2026-10-01 00:03:16",0.12,7,kagamihara
111,16955575,"Orange Marques","2026-10-01 00:21:06",0.12,8,orangemarques
112,16959264,"Nicholas Hui","2026-10-01 02:59:35",0.12,6,nicholashuihk
113,16963334,"Ben Winterhalter","2026-10-01 02:23:28",0.12,4,benwinterhalter
114,16951544,mp,"2026-09-29 00:07:19",0.12,4,notnitsuj
115,16958457,"Wills Cui","2026-09-30 05:28:04",0.12,5,willscui
116,16966883,"Abiram Bharathi S.A","2026-10-02 00:02:34",0.12,7,abirambharathisa
117,16967510,"Asem Abdullah","2026-09-30 01:51:41",0.12,2,asemabdullah
118,16961507,mmasato,"2026-10-01 14:23:22",0.12,7,mizogakimasato
119,16972568,Koko,"2026-10-01 12:30:36",0.12,3,kentaki52
120,16958035,bharat,"2026-09-28 06:00:37",0.12,2,bharatmohan
121,16968469,AbhilashReddyYammanuru,"2026-10-01 08:46:46",0.12,5,abhilashreddyy
122,16966492,olHwHlo,"2026-09-29 03:35:26",0.12,4,olhwhlo
123,16967997,SUMIN,"2026-10-01 04:26:58",0.12,5,ssumuss
124,16956482,Cpleasance,"2026-10-01 00:02:08",0.12,7,cpleasance
125,16978095,muutyy,"2026-10-01 15:10:07",0.12,4,muutyy
126,16964671,kadoud10,"2026-10-01 00:22:50",0.12,3,kadoud10
127,16948938,"Artem Volkov & Artem_JDS","2026-09-29 10:02:30",0.12,4,"artemiofranchime,artemjds"
128,16965819,Rezvan_gh92,"2026-10-01 00:00:36",0.12,6,rezvangh92
129,16950494,KiKi,"2026-10-01 00:05:04",0.12,7,kingkiller2164
130,16966148,"Marushan Anpalahan","2026-10-01 00:05:11",0.12,6,marushananpalahan
131,16965764,"Ishan Karnick","2026-10-01 00:07:30",0.12,5,ishankarnick
132,16971859,"Oana Unciuleanu","2026-10-01 00:13:39",0.12,5,oanaunciuleanu
133,16957456,"Rodrigo Batista da Silva","2026-10-01 00:15:05",0.12,8,eurodrigobatista
134,16956252,"Shalini S","2026-10-01 01:21:40",0.12,7,shals14
135,16982119,lizs,"2026-09-29 03:25:32",0.12,1,chiila
136,16966711,kulshekhar,"2026-10-01 01:03:52",0.12,5,kulshekhar
137,16966935,"Shubham Sahu","2026-09-29 04:35:52",0.12,4,shubhamsahu2003
138,16952567,codelion,"2026-09-29 05:14:19",0.12,4,codelion
139,16979275,jiangnanxn,"2026-09-29 05:20:22",0.12,1,jiangnanxn
140,16983447,haodou092,"2026-09-29 08:11:09",0.12,1,haodou092
141,16973416,VELVRIN,"2026-09-29 08:20:47",0.12,3,avioon
142,16964540,"Lavin Wins","2026-10-01 09:28:45",0.12,6,lavinwins
143,16965272,100rabh,"2026-10-01 04:42:34",0.12,3,saurabhkumar234
144,16975252,laoshansong,"2026-10-01 13:36:49",0.12,3,laoshansong
145,16955847,"Lazaros Avramidis","2026-10-01 17:00:57",0.12,5,lazarosavramidis
146,16956129,"Vicens Gaitan","2026-09-30 07:26:51",0.12,2,vicensgaitan
147,16958695,harmo-miu,"2026-09-30 06:48:40",0.12,5,harmomiu
148,16950455,"ning gu","2026-10-01 15:47:10",0.12,6,morninggu
149,16984104,Suncrest,"2026-09-29 17:04:03",0.12,1,suncrest
150,16949044,Flempan,"2026-10-01 18:42:20",0.12,9,farhadabtahi
151,16957134,AroojAhmed,"2026-09-30 12:01:25",0.12,7,quresa9
152,16971449,"Pierre Baume","2026-10-01 00:01:11",0.12,5,pierreb4
153,16958065,"Smart Manoj","2026-10-01 00:02:01",0.12,7,smartmanoj
154,16948143,"Marco Ledda","2026-10-01 00:02:29",0.12,9,marcoledda29
155,16949705,"Robin humberg","2026-10-01 00:05:03",0.12,8,robinhumberg
156,16951838,"James Y","2026-10-02 00:05:23",0.12,7,redoctopusk
157,16972809,lost,"2026-10-01 00:07:24",0.12,3,fluorescencexe
158,16953140,NITISH5236GOEL,"2026-10-01 00:09:09",0.12,7,nitish5236goel
159,16948890,Vishnu,"2026-10-02 00:08:32",0.12,5,tpjvishnuvardhan
160,16975486,AADIGUPTA,"2026-10-01 08:02:08",0.12,3,aadigupta7686
161,16950419,FinalSunFlower,"2026-09-30 01:24:33",0.12,7,finalsunflower
162,16948868,"Oleksii Zhukov","2026-10-01 00:02:11",0.12,9,zhukovoleksiy
163,16958407,"vijaya kumari","2026-09-30 02:37:37",0.12,2,vijayarv
164,16965501,Lonnie,"2026-10-01 02:55:00",0.12,4,lonnieqin
165,16985417,"Deepak Jangra","2026-10-01 01:18:06",0.12,2,deepakj100
166,16962333,nerd,"2026-10-01 14:45:38",0.12,6,runningbotslichess
167,16959577,"Sagnik Dey #2","2026-10-01 00:13:25",0.12,7,sagnikdey7
168,16966013,Jules,"2026-10-01 07:11:17",0.12,5,julesvanligtenberg
169,16948907,"Krizsó Gergely","2026-10-01 07:47:13",0.12,9,lucifer19
170,16956702,"Varun Ambadi","2026-10-01 09:24:52",0.12,7,varunambadi
171,16959474,"Stefan Cringusi","2026-10-01 10:03:12",0.12,6,stefancringusi
172,16983957,"Tuna Xiao","2026-09-30 15:51:15",0.12,1,tunaxiao
173,16966301,RanchRelisher,"2026-10-01 15:29:13",0.12,3,ranchrelisher
174,16949380,majorSeaweed,"2026-09-30 17:08:59",0.12,1,sorcererbi
175,16956061,Abhijeetgg,"2026-09-30 17:13:58",0.12,3,abhijeetgg
176,16992190,"Aleksandr Kruchinin","2026-10-01 12:19:12",0.12,2,aleksandrkruchinin
177,16986320,Vinay0005,"2026-10-01 12:19:55",0.12,1,vinay0005
178,16951052,shanzhong8,"2026-10-01 13:25:56",0.12,2,shanzhong8
179,16949377,Senku_04,"2026-10-01 13:41:11",0.12,1,senku04
180,16986318,"Noushin JA","2026-10-01 14:19:02",0.12,3,noushinbme
181,17014578,"Jeffrey Turov","2026-10-01 14:47:50",0.12,1,jeffreyturov
182,16957123,"Tobias M","2026-10-01 14:56:19",0.12,7,tobiasamunson
183,16957842,Junkonno,"2026-10-01 15:34:11",0.12,2,junkonno
184,17014863,"Bardia Bahadori","2026-10-01 16:08:04",0.12,1,bardiabahadori
185,16971651,S@i,"2026-10-01 16:19:37",0.12,5,sigmatango
186,16951888,"Zhengkang Mei","2026-10-01 16:45:55",0.12,4,zhengkangmei
187,16962124,"Ahmed Elemam & Moaz Eldegwy","2026-10-01 16:46:54",0.12,7,"ahmdelemam,moazeldegwy"
188,16964568,"Jiarui Zha","2026-10-01 17:18:44",0.12,2,jiaruizha
189,16963099,"Christian Czura","2026-10-01 17:36:54",0.12,7,chriscz
190,16959074,"ABHIRUP DAS","2026-10-01 18:07:46",0.12,2,abhirupdas10
191,16963507,"Pavithra Raghudath","2026-10-01 18:12:16",0.12,2,pavithraraghudath
192,16956550,AdriMonFer,"2026-10-01 18:39:26",0.12,2,"adrimonfer,ntrixlm"
193,16972999,"K.THARUN KUMAR","2026-10-01 18:59:52",0.12,5,tharunkumar369
194,17011794,"Harrit Vaga","2026-10-01 19:05:45",0.12,1,harritvaga
195,16983987,"Héctor Valverde","2026-10-01 19:19:57",0.12,1,hvpareja
196,16956792,"Sriharsha Sammeta","2026-10-01 19:20:30",0.12,5,sriharshasammeta
197,16956711,"Omar Hisham","2026-10-01 20:10:42",0.12,3,omarhisham19
198,16956660,"Joseph Adamski","2026-10-01 20:12:30",0.12,4,josephadamski91
199,17016334,"Guarav Bansal","2026-10-01 20:50:21",0.12,1,guaravbansal
200,16978102,"Bartholomew Jordan","2026-10-02 00:01:23",0.12,5,bartholomewjordan
201,16955709,"Santiago Maniches","2026-10-02 00:04:55",0.12,4,santmani
202,16979150,"Akalya Bharathi S A","2026-10-02 00:10:53",0.12,4,akalyabharathisa
203,16948270,Gemminem,"2026-10-01 21:29:16",0.10,8,nihilisticneuralnet
204,16950290,"Erick Mendonça_FMU262","2026-09-30 19:06:31",0.10,6,erickmendona
205,16950379,"Jayaprakash Sundararaj","2026-10-01 00:01:19",0.10,8,jpsundararaj
206,16951347,"dai dx","2026-09-24 15:38:20",0.10,1,daidaxiong
207,16949913,"Ben Pepper","2026-09-30 00:00:10",0.10,7,bhpepper
208,16951771,"Kris Petersen","2026-09-27 05:42:19",0.10,4,krispetersen
209,16957758,Dadalj,"2026-09-25 01:29:20",0.10,1,dadalj
210,16958369,"Matt graham","2026-09-25 03:35:22",0.10,1,mooseml
211,16958829,SaTa,"2026-10-01 02:11:38",0.10,3,masa55taka
212,16948941,Hack2Publish,"2026-09-27 03:08:21",0.10,4,"esfersami50,hosen42"
213,16958076,"Arnav Singh","2026-10-01 05:33:20",0.10,6,"agastyasingh2952,arnavsingh123097,arshjohari10,prathamtomar30,sushanthjavali"
214,16952580,hitori.studio,"2026-09-25 08:40:01",0.10,1,hitoristudio
215,16950771,chizhu,"2026-09-25 10:21:06",0.10,2,chizhu2018
216,16948253,Maxim,"2026-09-25 11:26:41",0.10,3,ektarr
217,16958355,"Adil Shamim","2026-10-01 12:55:23",0.10,2,adilshamim8
218,16960361,"Maram Ali","2026-09-26 10:28:20",0.10,2,msama01
219,16954282,"Maksim Kostritsya","2026-10-01 22:37:21",0.10,2,maksimkostritsya
220,16948093,"Dmitrii Gluzdov","2026-09-30 07:13:46",0.10,3,dmitriigluzdov
221,16967058,Souvik_D_Biswas,"2026-10-01 08:09:01",0.10,7,"soukeaizenz,souvikdbiswas"
222,16961811,Naveen,"2026-09-30 06:38:13",0.10,2,naveenlx111249971939
223,16961188,wnmgrn,"2026-09-28 00:04:34",0.10,4,wnmgrn
224,16955771,"Jack Hsu","2026-10-01 00:07:48",0.10,8,jackhsupf
225,16961006,"Habib ullah","2026-09-28 14:07:56",0.10,3,habibullah123456789
226,16960472,Toru59er,"2026-09-27 01:34:14",0.10,2,toru59er
227,16960758,"anto majo","2026-09-26 04:14:49",0.10,2,antomajo
228,16954304,"Tianfu Wang (王天夫)","2026-09-29 15:11:44",0.10,6,wangtf96
229,16955388,Ramcer,"2026-09-29 13:45:33",0.10,3,saiduttaabhishekdash
230,16953260,ZiYiMing,"2026-09-29 03:07:22",0.10,6,ziyiming
231,16962274,OverfitOracle,"2026-09-30 06:49:14",0.10,4,alisalmanrana
232,16950422,kfsky,"2026-10-01 05:44:07",0.10,6,kengofujii
233,16960833,"Gholamali Aminian","2026-10-01 00:10:46",0.10,6,gholamaliaminian
234,16948226,"Guru Prasaath S","2026-09-26 08:33:59",0.10,2,guruprasaathas111
235,16956926,"Pavel Nasovich","2026-10-01 00:17:12",0.10,6,forcewake
236,16956193,coinsspor,"2026-09-27 00:03:06",0.10,4,coinsspor
237,16961921,"Kainwang Roger","2026-10-01 08:09:27",0.10,6,kainwangroger
238,16962544,Yuan800,"2026-09-26 13:42:13",0.10,2,yuan800
239,16951298,Gemini4pro,"2026-09-27 06:37:15",0.10,2,"ctfxiao,yinpinggao"
240,16949499,"Ziqi Hao","2026-10-01 00:37:25",0.10,5,ziqihaoaisake
241,16963046,"Weverton Guedes","2026-09-26 14:19:33",0.10,2,owevertonguedes
242,16950212,AM,"2026-09-30 15:47:03",0.10,5,adammekky
243,16960901,"Yen Hung1021","2026-09-29 11:47:05",0.10,5,yenhung1021
244,16963433,"Satoshi Nguyen","2026-10-01 07:38:38",0.10,7,satoshinguyenai
245,16962500,zengpu,"2026-10-01 00:02:07",0.10,6,zengpu
246,16949881,"Anvith Pothula","2026-09-27 00:08:48",0.10,5,anvithpothula
247,16956260,acerecuba,"2026-10-01 00:22:54",0.10,6,acerecuba
248,16961928,"Moazzem Hossain","2026-09-27 00:47:08",0.10,2,mthem77
249,16949683,508shuto,"2026-09-30 00:35:10",0.10,7,goyashuto
250,16968237,"Doan Gia Huy Vu","2026-10-01 02:02:49",0.10,4,doangiahuyvu
251,16962678,ipatch73,"2026-10-01 03:45:24",0.10,3,diptyajitdas
252,16969197,shanyangmie,"2026-10-01 00:00:25",0.10,5,shanyangmie
253,16962100,"Sangam Gautam","2026-10-01 10:02:50",0.10,7,"sangam21,wangapa106g"
254,16951191,Efthimios,"2026-10-02 00:05:56",0.10,9,efthimiosfousekis
255,16948944,"Kim Jinseo","2026-09-30 17:13:23",0.10,4,kimjinseo1
256,16960569,eitaro8,"2026-09-29 02:06:06",0.10,5,komugi8
257,16951734,JohnParkerson,"2026-09-29 02:09:06",0.10,6,johnparkerson
258,16957103,"Anshu Kumar","2026-09-28 12:47:59",0.10,5,anshu2108
259,16951721,YogaNukko,"2026-09-29 15:29:15",0.10,2,takahitomizunobyts
260,16968920,"Dmitry Sokolevski","2026-10-01 21:17:11",0.10,5,dmitrysokolevskiy
261,16969134,Quaranet,"2026-10-01 19:42:17",0.10,5,"buraktheroot,yusufbaranyldz"
262,16957153,rellik13,"2026-10-01 05:49:42",0.10,5,sirikilohit
263,16948565,Cyrus,"2026-09-27 14:43:48",0.10,1,jamalsaeedi
264,16950995,Shivam_2212,"2026-09-30 10:02:17",0.10,6,shivam2212
265,16957219,"Pilkwang Kim","2026-10-01 22:14:17",0.10,8,pilkwang
266,16961630,"Mohammed A.Metwally","2026-09-28 20:53:13",0.10,3,mohammedahmedxx12
267,16948982,"Peter Bull","2026-09-28 20:59:08",0.10,5,peterbull
268,16950555,"marius catalin Suteu","2026-09-28 13:59:43",0.10,5,mariuscatalinsuteu
269,16974135,"Ahmad Agbaria","2026-09-27 19:46:01",0.10,1,ahmadagbaria
270,16971496,porphy,"2026-09-29 06:14:21",0.10,3,porphy
271,16957479,"Michael Ajao-olarinoye","2026-09-27 20:29:52",0.10,3,michaelajaoolarinoye
272,16962265,CTO,"2026-09-30 19:30:24",0.10,6,caleboleary
273,16970123,Kinance,"2026-09-29 04:05:47",0.10,2,kinance
274,16974177,Raph,"2026-09-27 23:36:01",0.10,1,rbbbjp
275,16958837,"Jinliang Gao","2026-10-01 12:03:34",0.10,5,jinlianggao
276,16950810,"Aman Arora","2026-09-29 08:07:49",0.10,5,aroraaman
277,16950887,"Dank Axon","2026-10-01 00:05:01",0.10,8,dankaxon
278,16950847,monnu,"2026-09-30 09:35:40",0.10,4,fuumin621
279,16949925,"Ahmet Yasin Tat","2026-09-29 00:32:16",0.10,7,ahmetyasin1
280,16956375,"wang penghua","2026-10-01 00:01:08",0.10,8,wangpenghua
281,16950992,Navyantra,"2026-10-01 01:41:50",0.10,6,navyadevadiga
282,16963743,"Abhijit gaikwad","2026-10-02 01:37:45",0.10,7,abhijitgaikwad111
283,16957595,dpblueblue,"2026-09-28 02:12:30",0.10,2,dpblueblue
284,16969031,Shuuyou,"2026-09-28 02:35:40",0.10,1,shuuyou
285,16957517,"Prompt & Pray","2026-09-29 15:34:54",0.10,2,jarturo
286,16952846,Mik-Kom4,"2026-10-01 12:05:33",0.10,8,rokuml
287,16955031,"Patrick Chan","2026-10-01 13:02:51",0.10,4,drpatrickchan
288,16951862,zhouhanwei,"2026-10-01 01:51:04",0.10,8,zhouhanwei
289,16955624,"Veronika Yaitskikh","2026-09-30 18:43:53",0.10,4,veronikayaitskikh
290,16965548,gheware,"2026-09-30 02:07:34",0.10,3,rajeshgheware
291,16976130,Vipul_Kumar75476,"2026-09-30 11:38:53",0.10,3,vipulkumar75476
292,16976397,"Ram Prasath K","2026-09-28 07:09:40",0.10,1,ramkan07
293,16961747,"Thibaut Berille","2026-09-30 07:31:29",0.10,5,thiberille
294,16963226,htech5,"2026-10-01 05:02:22",0.10,7,htech5
295,16958662,aimeigaoshou,"2026-09-29 06:44:20",0.10,4,sasdasdasdad
296,16958722,"Sintu Verma","2026-10-01 04:57:23",0.10,4,sintuverma
297,16977581,"Yue Shaocong","2026-09-30 02:28:35",0.10,3,yueshaocong
298,16969280,SibamSamanta07,"2026-09-28 10:20:49",0.10,1,sibamsamanta07
299,16967425,"Maaz Waheed 123","2026-09-30 19:50:36",0.10,5,maazwaheed123
300,16947927,john,"2026-09-30 22:49:38",0.10,7,"frtgnn,jaejohn"
301,16969133,"Murat Beşli","2026-09-28 12:36:00",0.10,2,muratbeli
302,16952432,esprit,"2026-10-01 02:27:54",0.10,7,takuji
303,16976413,"Deniz Sertkan","2026-09-28 14:19:05",0.10,1,denizsertkan
304,16951762,"Israel Ifedayo","2026-09-30 11:40:49",0.10,4,ifedeejoy
305,16967583,"TRUONG Minh Tue","2026-10-01 09:53:08",0.10,6,legioxixcomputatrum
306,16958643,"Fronk T. Ja","2026-09-29 12:30:08",0.10,2,fronktja
307,16980564,"Netram Faran","2026-09-30 00:01:47",0.10,3,netramfaran
308,16963350,"Maksim Prykhodko","2026-09-29 10:39:03",0.10,3,frizonplay
309,16976989,"Andrew McAdoo","2026-10-01 17:43:22",0.10,3,andrewmcadoo
310,16957099,ant,"2026-10-01 00:00:03",0.10,8,alexferechin
311,16954372,"Wills Cyber","2026-10-02 00:01:02",0.10,9,willscyber
312,16966782,"D A M","2026-10-01 00:02:44",0.10,6,adesolanke
313,16948838,"Boopathi Raja","2026-09-30 00:04:03",0.10,4,yanggod
314,16955241,"Faisal Sarwar","2026-10-01 01:08:58",0.10,7,faisalsarwar
315,16956790,"Anand Singh","2026-10-01 05:33:30",0.10,8,anandsingh8687
316,16964497,"Eliézer Fernandes","2026-10-01 01:17:25",0.10,5,elizerfernandes
317,16975286,lyf,"2026-09-29 01:03:02",0.10,1,crazyzzz7
318,16951280,Andyxueanan,"2026-10-01 02:03:53",0.10,8,andyxueanan
319,16955772,"son min hyeok","2026-09-29 01:33:17",0.10,3,sonminhyeoks
320,16981518,"mainly for fun","2026-09-30 14:15:08",0.10,2,hcngnga
321,16968886,"Chabli Boler","2026-09-29 04:26:12",0.10,1,chabliboler
322,16973716,"Haoyu Wang","2026-09-30 00:01:58",0.10,3,whycs123
323,16951134,amin-amou,"2026-10-01 12:07:55",0.10,5,msaiam
324,16974695,"Brian Bonti","2026-09-30 23:56:00",0.10,4,brianbonti
325,16951836,"Dmitrii Motorin","2026-09-29 05:27:35",0.10,5,dmitriymotorin
326,16974376,casper2080,"2026-10-01 00:01:19",0.10,3,casper2080
327,16966865,"Chirag Patil","2026-09-29 05:52:17",0.10,3,lordpatil
328,16956787,zigiella,"2026-10-01 18:35:11",0.10,6,zigiella
329,16977251,"Stochastic Parrots","2026-09-30 09:55:30",0.10,3,"dennisrutjeskramp,vutanle"
330,16953110,"Aishik Rakshit","2026-09-29 07:34:06",0.10,6,aishikai
331,16972013,"Arnab Patra 77","2026-09-29 07:40:35",0.10,3,arnabpatra77
332,16982953,caspian,"2026-10-01 00:02:19",0.10,3,haivan11
333,16949252,Duel,"2026-10-01 00:02:53",0.10,6,ilovechallenges
334,16968146,misten,"2026-09-29 08:55:46",0.10,3,misten
335,16961543,CloudLan,"2026-10-01 02:24:44",0.10,4,linyucheng0430
336,16959779,"Ahmed Nazmy","2026-09-30 13:55:32",0.10,2,anazmy
337,16960439,sinchir0,"2026-10-01 00:00:31",0.10,3,sinchir0
338,16984925,ZG415,"2026-10-02 01:09:06",0.10,4,zguo415
339,16971784,"Eli Deedeed","2026-10-01 01:42:11",0.10,3,elideedeed
340,16985044,OptAI,"2026-09-29 12:39:03",0.10,1,opticalai
341,16976526,Liujiahua,"2026-09-29 12:50:16",0.10,1,liujiahua2358
342,16964700,"John Doe","2026-10-01 00:01:06",0.10,5,johndoe90843
343,16958426,MGDAC,"2026-09-30 18:04:44",0.10,2,manojmandal
344,16962495,dvv_ram,"2026-09-30 00:01:45",0.10,4,ddvram
345,16985754,edwinis,"2026-09-29 15:31:51",0.10,1,edwinis
346,16969318,"Mahmoud Shawara","2026-09-30 18:25:12",0.10,3,mahmoudshawara
347,16968636,"Anjan B","2026-09-29 17:26:12",0.10,3,anjan4646
348,16986276,"HD h Joratos","2026-10-01 00:00:41",0.10,3,hdhjoratos
349,16962591,Ankit19473,"2026-09-30 09:09:30",0.10,4,greenarrow2345
350,16986975,"Rizwan Shaikh009","2026-09-29 18:31:06",0.10,1,rizwanshaikh009
351,16963598,mari,"2026-10-02 00:01:05",0.10,8,amarimuthu
352,16987108,hawktalk,"2026-10-01 03:13:13",0.10,3,hawktalk
353,16967423,"Kevin L.","2026-09-30 21:57:28",0.10,5,zorgis
354,16965420,"Abu Kayyisah Basyid","2026-10-02 00:02:05",0.10,6,abukayyisahbasyid
355,16987933,"Juhil Modi-24BCS10310","2026-10-01 17:18:55",0.10,3,juhilmodi
356,16961242,Xenongas,"2026-10-01 00:09:06",0.10,6,xenongas1
357,16969208,kerai,"2026-09-30 00:00:32",0.10,2,primalhost
358,16969089,Abdelrehman,"2026-10-01 00:32:50",0.10,5,abdelrehman01
359,16966708,嵇禄lugent,"2026-09-30 00:04:00",0.10,4,lugent
360,16958211,"Mike Anderson","2026-10-01 00:18:39",0.10,6,manderson240
361,16959063,Thuitanium,"2026-10-01 03:05:44",0.10,5,"sahasawatt,yocybercode"
362,16978028,"Yang Zong-Yu phD","2026-10-01 00:03:49",0.10,2,yangzongyuphd
363,16971847,prajval_p,"2026-10-01 00:00:26",0.10,5,prajvalp
364,16959639,HorribleProgram,"2026-10-01 07:48:12",0.10,5,horribleprogram
365,16959575,"Hitesh Kumar","2026-10-01 06:53:24",0.10,5,erhiteshkumar
366,16985575,"Menelik Zafir","2026-10-01 17:04:15",0.10,3,monibeefudgekins
367,16967382,maxingkong733,"2026-10-01 16:40:46",0.10,5,maxingkong733
368,16956769,AdamJonesJohnson,"2026-10-01 02:26:09",0.10,6,adamjonesjohnson
369,16965991,UIT-DIFF,"2026-10-01 10:43:12",0.10,5,"nguynvithung2108,toni0710,vitnguynnguyen"
370,16964526,CardPilotLab,"2026-09-30 02:51:06",0.10,2,EldieEnfiel
371,16961548,E84111201_曾士朋,"2026-10-01 04:44:51",0.10,5,andrewzhengtw
372,16952427,"Tong Joye","2026-10-01 00:30:35",0.10,6,tongjoye
373,16954089,cooleel,"2026-10-01 05:21:45",0.10,2,cooleel
374,16956138,"Ayush Barai","2026-10-01 04:19:30",0.10,8,ayush04barai
375,16989001,shepsci,"2026-10-01 00:02:09",0.10,2,shepscientific
376,16949653,jazivxt,"2026-10-01 01:22:36",0.10,7,jazivxt
377,16977748,fryc214,"2026-09-30 06:35:58",0.10,2,fryc214
378,16986851,"JUGNI BARADA","2026-10-01 12:20:17",0.10,3,jugnibarada
379,16951281,RyrcKK,"2026-09-30 08:25:18",0.10,2,ryrckk
380,16990212,"Kazumi Sakamoto","2026-09-30 09:12:12",0.10,1,maehwa
381,16990306,"Aghasalim Mustafazada","2026-10-02 00:05:01",0.10,3,aghasalimmustafazada
382,16955708,"Alperen Aydın","2026-10-01 18:21:33",0.10,5,alperen5252525
383,16957571,"Ahmed Mustafa Sayed","2026-10-01 11:18:37",0.10,5,ahmedmustafasayed
384,16984103,"Atharva Shewale","2026-09-30 12:15:44",0.10,1,asphaltproat
385,16954138,"Jerry Jin","2026-10-01 07:27:10",0.10,6,jerrydjin
386,16991079,"Tianyang Song","2026-09-30 12:59:11",0.10,1,realgonesong
387,16981036,Heliosli,"2026-09-30 13:02:27",0.10,3,heliosli
388,16956105,"Shankha Suvro Mullick","2026-09-30 13:42:29",0.10,5,shankhasuvromullick
389,16991083,"kevin park","2026-10-01 00:02:48",0.10,2,k3v1npark
390,16990023,"William Wu Chengyuan","2026-10-01 16:19:46",0.10,2,williamwu88
391,16980750,Salavat,"2026-10-01 11:40:13",0.10,2,salavat1k
392,16980624,jadidbourbaki,"2026-09-30 18:10:28",0.10,1,jadidbourbaki
393,17013444,"Bhavya Sharma","2026-10-01 11:46:55",0.10,1,bhavyasharma22
394,16965843,"Node to Fix","2026-10-01 11:47:22",0.10,3,muhammaddabeer12
395,16953182,"Vijay Mariappan","2026-10-01 12:04:06",0.10,6,vijay75
396,16957973,Jun-Jun,"2026-10-01 12:21:20",0.10,7,junjpn
397,16986428,Steven66886688,"2026-10-01 13:15:08",0.10,1,steven66886688
398,17013305,"Arturo Balderas","2026-10-01 13:18:32",0.10,1,dcpracmatic
399,16966354,datatuu,"2026-10-01 13:22:25",0.10,2,yaoguang516
400,16964624,"Ian Jones","2026-10-01 13:28:58",0.10,3,ianaldenjones
401,17012873,@Suzumaru_1666,"2026-10-01 13:37:04",0.10,1,suzumaru1666
402,16975926,"Gorigami Dev","2026-10-01 13:39:06",0.10,4,gorigamidev
403,17011258,"haoran huang430","2026-10-01 14:09:49",0.10,1,haoranhuang430
404,16976063,MarchFederico,"2026-10-01 14:23:53",0.10,4,marchfederico
405,16971897,cgrlkc,"2026-10-01 14:31:15",0.10,5,cgrlkc
406,17014549,Noir,"2026-10-01 14:49:20",0.10,1,nuitnoir
407,17014144,"Artur Buzov","2026-10-01 14:51:05",0.10,1,arturbuzov
408,16991414,d_tree_suki,"2026-10-01 14:52:03",0.10,2,yuki11ii
409,16953846,"Bùi Huy Hoàng","2026-10-01 14:56:31",0.10,8,bhhoang
410,16959568,Sofrony,"2026-10-01 14:57:30",0.10,7,sofrony82
411,16966732,"wei chang","2026-10-01 15:47:20",0.10,3,wayne0404
412,17012336,uuu,"2026-10-01 16:40:43",0.10,1,vovafinogenov
413,17010527,TTANE,"2026-10-01 17:05:06",0.10,1,otmaneelmahdaouy
414,16971420,Reshwell,"2026-10-01 17:24:19",0.10,1,reshwell
415,17013327,"Meteor #2","2026-10-01 17:47:06",0.10,1,meteorkid
416,16968472,"LG Music","2026-10-01 17:51:04",0.10,6,lgmusic
417,16993089,"Cameron Warrennn","2026-10-01 18:10:59",0.10,2,cameronwarrennn
418,17010588,Khalid,"2026-10-01 18:21:44",0.10,1,khalid000000
419,16956860,"Byron Galbraith","2026-10-01 19:00:43",0.10,1,bgalbraith
420,16955097,"Jeison Molina","2026-10-01 19:20:36",0.10,8,jeisonmolina
421,16987975,gurume,"2026-10-01 22:24:06",0.10,2,gempei
422,16989206,"dennis palatov","2026-10-02 00:01:12",0.10,3,dennispalatov
423,16966775,Xiaosong.dev,"2026-10-02 00:05:02",0.10,6,xiaosongdev
424,16963521,PrakashVerma,"2026-10-02 00:31:33",0.10,3,prakashverma
425,16949260,"Md.Mahfujul Karim Sheikh","2026-10-02 01:55:53",0.08,6,mdmahfujulkarim
426,16949199,okacchi,"2026-10-02 00:07:55",0.08,7,ocaesar
427,16948682,"Kunal Aarse","2026-09-30 02:22:55",0.08,2,kunalinfinite
428,16948724,TwangyGarlic449,"2026-10-01 12:04:23",0.08,4,twangygarlic449
429,16954989,"PARK HYUNSIK","2026-09-26 00:17:14",0.08,3,hyunsikpark
430,16953253,prvsiyan,"2026-09-24 17:48:20",0.08,1,prvsiyan
431,16955629,"Sushanth Tiruvaipati","2026-10-01 02:32:03",0.08,5,sushanthtiruvaipati
432,16949226,Saurav,"2026-09-26 13:17:41",0.08,4,sauravchat
433,16956483,zergswim,"2026-10-01 00:01:05",0.08,8,jerrypark
434,16958049,"Kumar Abhijeet","2026-09-25 02:25:32",0.08,1,krabhijeet
435,16952529,"(ノ◡ <)","2026-09-25 04:41:32",0.08,2,nawfeelrahman1124444
436,16958598,"Son Hoang","2026-09-25 05:09:13",0.08,1,sonhoang82
437,16957971,"SegPulse 锋析 - Kaggle Autonomou","2026-09-25 05:09:41",0.08,1,shanghaigroom
438,16958523,Marquis03,"2026-09-25 05:40:04",0.08,1,marquis03
439,16957311,"Geremie Yeo","2026-09-25 06:24:32",0.08,1,yeoyunsianggeremie
440,16958496,its_mrz,"2026-10-01 06:19:12",0.08,6,itsmrz
441,16955857,"Sayandeep Ghosh","2026-09-25 07:55:17",0.08,2,sayandeepghosh
442,16956766,"tobi joshua","2026-09-28 08:34:01",0.08,5,tobijoshua
443,16960789,WEcoS,"2026-10-01 00:00:24",0.08,7,aungkhainghtun
444,16949593,Phoenix,"2026-09-25 12:50:08",0.08,2,chetanagrawall
445,16949942,"Hugo Gascon","2026-09-25 13:16:44",0.08,2,hugogascon
446,16958199,IPGLEG,"2026-09-30 07:17:54",0.08,6,ipgleg
447,16961657,"Muhammed Al-Jeshi","2026-09-25 14:52:02",0.08,1,muhammedaljeshi
448,16950706,"Hammad Farooq","2026-09-28 16:46:02",0.08,4,malikhammadfarooq
449,16957508,"Prince Adhikary","2026-09-25 18:06:12",0.08,1,princeadhikary
450,16962836,KhanhTram,"2026-09-26 07:25:57",0.08,2,khanhtram
451,16962003,"Gustavo Mota","2026-10-01 00:01:03",0.08,7,gugacloud
452,16957585,davis0178,"2026-09-29 03:15:46",0.08,4,davis0178
453,16964658,"Hiroshi Murakami","2026-09-26 02:06:55",0.08,1,pirozhiki
454,16963010,"Monesh M","2026-10-01 06:28:18",0.08,5,moneshm908
455,16964579,bengle,"2026-09-27 05:59:11",0.08,2,bengle
456,16957627,Jonathan,"2026-09-28 11:04:22",0.08,3,jonathanpd
457,16951364,"Aayush Jansari","2026-10-01 06:41:20",0.08,7,aayushjansari
458,16957216,"Zbida Amine","2026-09-30 21:24:42",0.08,3,zbidaamine
459,16949047,"Adithya Giridharan","2026-09-30 15:21:18",0.08,7,adithyagiri
460,16963094,"Furkan Yalcinkaya","2026-09-29 18:38:00",0.08,4,furkanyalcinkaya
461,16950264,Maaax,"2026-10-01 03:43:10",0.08,3,maaax
462,16967255,"Samir Hossain","2026-10-01 00:10:18",0.08,4,samirhossain099
463,16951440,Arn2011,"2026-10-01 00:53:32",0.08,6,arnelperezposadas
464,16967628,"Irzam Kapoor","2026-09-27 09:50:28",0.08,2,irzamkapoor
465,16956785,ctree4113,"2026-10-02 00:06:30",0.08,6,yitree
466,16965577,"SHRAVAN KUMAR GOUD","2026-10-02 06:13:31",0.08,7,shravankumargoud
467,16957439,"Brandon Bujold Charlebois","2026-09-29 13:46:03",0.08,5,breycode
468,16962311,Penguin,"2026-09-30 17:41:32",0.08,6,penguin069
469,16968263,"christopher athans crow","2026-09-27 16:07:57",0.08,2,cchrisaa
470,16954793,"Nadeem Khan","2026-10-01 03:10:35",0.08,3,nadeem4nk
471,16959735,"Hitarth Jain","2026-10-01 15:32:04",0.08,4,hitarthjain0
472,16967557,"Nezihe Sözen","2026-10-01 12:58:59",0.08,4,nezihesozen
473,16955328,HemantAdil,"2026-09-28 20:31:25",0.08,5,hemantadil
474,16951828,"Ndabenhle Ngema","2026-09-29 10:30:00",0.08,4,ndabenhlengema
475,16968778,"Muhammad Ahmad Amin","2026-09-30 19:04:14",0.08,2,ahmadamindw
476,16948855,Raijin,"2026-09-27 15:02:47",0.08,5,raipachi0704
477,16968919,"Marek Nurzynski","2026-09-26 20:02:28",0.08,1,marek3000
478,16961834,"Edouard Bonnet","2026-09-28 18:02:35",0.08,3,edouardbonnet
479,16948030,"Dalton Omondi","2026-09-27 00:00:40",0.08,3,daltongabrielomondi
480,16960238,haribo_jelri,"2026-10-01 05:25:19",0.08,5,haribojelri
481,16956897,dspavieri,"2026-10-01 21:03:49",0.08,5,dspavieri
482,16949749,"Łukasz Wodniakowski","2026-10-01 15:44:31",0.08,8,lwolwo
483,16948179,wakaka,"2026-09-27 00:33:45",0.08,5,bernicerobinson
484,16960336,"Shigeru Kondou","2026-09-30 08:42:25",0.08,3,shigerukondou
485,16966060,togakyo,"2026-09-27 04:02:40",0.08,2,kyosuketogashi
486,16969844,"Coherence Energy Labs","2026-10-01 17:12:04",0.08,4,joshphilbrick
487,16970131,"ponraj A","2026-09-27 04:50:07",0.08,1,ponrajaruldas9894
488,16960837,"Rafael Rirsch Reno","2026-09-29 10:48:46",0.08,5,rafaelrirschreno
489,16961169,AbeLincoln1865,"2026-10-01 00:05:53",0.08,3,abelincoln1865
490,16968093,Yufo,"2026-10-01 15:01:43",0.08,6,yufotest
491,16958690,"Soham Panchal","2026-09-28 06:44:33",0.08,4,soham308
492,16949599,"Ramesh Arvind","2026-09-30 18:43:13",0.08,8,rameshln
493,16957680,"Fatayo Michael","2026-10-01 00:09:23",0.08,5,fatayomichael
494,16967294,psil123,"2026-09-29 10:22:21",0.08,2,psil123
495,16971684,siren2345,"2026-09-27 10:15:25",0.08,1,siren2345
496,16955333,arte,"2026-09-30 10:35:25",0.08,5,artena
497,16949295,"Kefei Yan","2026-09-29 00:00:51",0.08,7,"ffy208,kefeiyan"
498,16960588,"Ahmad Alalony","2026-09-30 09:05:28",0.08,3,ahmadalalony
499,16969167,"Afnan Darga ","2026-09-27 11:26:30",0.08,1,afnandarga
500,16960840,MachineLearner,"2026-09-27 11:43:38",0.08,3,anesabbad
501,16972104,"Kartik Soni","2026-09-29 04:42:59",0.08,3,kartiksoni15
502,16960626,AlienX,"2026-09-27 12:08:05",0.08,1,"aifahim,samiatisha"
503,16953338,InSociEUP,"2026-10-01 16:50:59",0.08,5,santanubanerjee9
504,16959309,"Shakthi Magenderan","2026-09-27 12:26:24",0.08,1,shakthimagenderan
505,16957124,"Rodrigo Couto e Silva","2026-09-27 13:32:58",0.08,3,rodrigocoutoesilva
506,16972691,nusrati,"2026-10-01 03:35:10",0.08,4,nusrati
507,16966406,Yukki_Moru,"2026-09-27 14:48:33",0.08,1,yukkimoru
508,16961225,"Andrew Hahn","2026-09-27 15:11:15",0.08,2,stimulatedecho
509,16959796,lgrape,"2026-10-01 00:10:12",0.08,4,lgrape
510,16972285,"Natpaphon Nukhunthod","2026-10-01 01:48:09",0.08,5,natpaphonnukhunthod
511,16973479,test-g4da,"2026-10-01 00:00:45",0.08,5,michaelsemenoff
512,16948798,Will,"2026-09-27 18:11:19",0.08,4,wguesdon
513,16949687,shimonDanziger,"2026-09-27 18:18:45",0.08,4,shimondanziger
514,16949540,localAI,"2026-10-01 15:00:25",0.08,9,matteo123383iend
515,16964651,"George Jieh","2026-09-27 20:35:39",0.08,1,georgejieh
516,16963131,"Matvey Murtazaliev","2026-09-30 14:41:43",0.08,4,infibiss
517,16964567,Sophie555,"2026-09-30 00:05:32",0.08,5,sophie555
518,16972967,"MUHAMMED IDRIS BIN YACOOB","2026-10-01 02:00:21",0.08,4,muhammedidris28
519,16952752,woldy,"2026-10-01 00:22:31",0.08,8,woldywei
520,16952702,"Takayuki Michishita","2026-09-30 23:34:02",0.08,5,takayukimichishita
521,16964756,"qc z","2026-09-30 05:33:58",0.08,5,docjlm
522,16958866,liuzewen123,"2026-10-01 02:56:34",0.08,7,liuzewen123
523,16950784,"GanFan Yu","2026-09-28 03:27:56",0.08,2,ganfanyu
524,16959760,"Sabreen Elkamash","2026-10-01 03:40:30",0.08,7,sabreenelkamash
525,16960847,"Qishen Ha","2026-09-28 04:42:13",0.08,4,haqishen
526,16968612,"Vishnu R Mohan","2026-09-28 05:36:12",0.08,3,vishnurmohan
527,16964732,"Mohamed Nabil","2026-10-01 00:10:45",0.08,5,mohamedmenasy
528,16975914,yangf123456,"2026-09-29 02:17:38",0.08,2,yangf123456
529,16948844,omallo,"2026-10-01 19:39:47",0.08,6,omallo
530,16949170,vdthcmus123,"2026-09-28 09:06:49",0.08,2,envyy23120093
531,16958266,Saltice,"2026-10-01 16:43:26",0.08,6,"amrishazafreen,saltice"
532,16960481,Қaйsаr,"2026-10-01 15:51:30",0.08,5,mazhitov
533,16951350,"Ritvik Shrivastava","2026-10-01 08:25:59",0.08,4,ritvikshrivastava
534,16951460,"Chirantan Bhardwaj","2026-10-01 03:04:07",0.08,6,chirantanbhardwaj
535,16967594,"Igor Zharov","2026-10-01 10:32:55",0.08,4,flexonafft
536,16950321,mikelou1,"2026-09-30 01:47:51",0.08,3,mikelou1
537,16959764,SmitBailwal,"2026-09-30 10:05:03",0.08,6,smitbailwal
538,16950749,"Qiyue Wu99","2026-09-30 12:21:52",0.08,5,"johnxmj,qiyuewu99"
539,16975893,"Adisak Sukul","2026-10-02 00:03:05",0.08,5,adisak
540,16951312,Nyxalon,"2026-09-29 14:46:41",0.08,6,"mathanrajr,nyxalon"
541,16959551,"Manu Rahi","2026-09-28 15:24:13",0.08,1,manurathi
542,16979537,"Manuel lasarte León","2026-10-01 15:06:25",0.08,4,manuellasarte
543,16966887,"Benadict Infant A","2026-09-28 17:32:33",0.08,1,benadictinfanta
544,16965795,"Tiangang Zhang","2026-10-01 12:07:23",0.08,5,ztggtz
545,16980275,shanecandoit,"2026-09-28 19:56:22",0.08,1,shanecandoit
546,16954655,"Deepesh Gupta","2026-09-28 21:30:33",0.08,2,damndeepesh
547,16966662,ZL,"2026-09-28 21:56:53",0.08,1,zanelim
548,16956231,"Cyber Cypher Ninja ","2026-09-30 02:04:44",0.08,3,cybercypherninja
549,16957188,"Buchan Liang","2026-09-28 22:41:56",0.08,1,buchananliang
550,16949399,chongcht710,"2026-09-28 23:17:50",0.08,1,chongcht710
551,16962632,yyyyyxingggg,"2026-09-30 00:02:07",0.08,6,yyyyyxingggg
552,16960465,"Ramkumar Muniandi Vallimayil","2026-10-01 00:06:01",0.08,7,ramkumarmv7
553,16972867,"Yusaku Muroya","2026-09-29 00:19:28",0.08,2,ymuroya47
554,16962225,loxigicck,"2026-10-01 12:37:04",0.08,4,loxigicck
555,16970524,shika,"2026-09-29 00:47:12",0.08,2,hisika
556,16971546,西松大祐,"2026-09-29 00:54:36",0.08,2,wep212
557,16971547,machineabao,"2026-10-01 10:55:04",0.08,3,machineabao
558,16950431,"xiao xiongwei","2026-09-30 03:25:22",0.08,6,xiaoxiongwei
559,16955832,sserges,"2026-10-01 02:09:10",0.08,7,sserges
560,16951438,HITL,"2026-10-01 16:05:33",0.08,6,"atharvjandial,darshdhawan"
561,16970081,shikaikaikaikai,"2026-09-29 02:46:51",0.08,3,shikaikaikaikai
562,16960083,"Abhishek Takawane","2026-10-01 03:14:31",0.08,6,abhishektakawane004
563,16953262,"Johnny Foulds","2026-09-30 16:58:30",0.08,2,shambi
564,16958345,"Khôi Trần","2026-09-29 04:50:27",0.08,1,khoitrn
565,16969637,"Hibachi Fried Rice","2026-09-29 05:04:06",0.08,4,samvalladares
566,16955652,"Wikimind AI","2026-10-01 05:31:37",0.08,8,wikimindai
567,16975680,guohaowen,"2026-09-29 06:37:29",0.08,2,guohaowen1910
568,16977101,KoYokoyama,"2026-09-29 07:14:29",0.08,2,koyokoyama
569,16980014,"Mahmoud Ahmed Ghoraba","2026-10-01 10:21:37",0.08,4,mahmoudahmedghoraba
570,16950871,"Jiacheng Ma","2026-09-29 08:23:01",0.08,1,jakkma
571,16983000,Arunodhayan,"2026-09-30 13:48:14",0.08,2,arunodhayan
572,16958386,"Manoj Shetty","2026-10-01 05:22:33",0.08,3,manojhmshetty
573,16977666,Ammeg,"2026-10-01 04:56:47",0.08,3,"avi7744,shreyapandey200,suvigyasharma"
574,16969865,"Madhukar Devarasetti","2026-10-02 00:07:08",0.08,5,madhukardevarasetti
575,16980038,"Tatu Helander","2026-10-01 07:20:57",0.08,3,tatuhelander
576,16983461,Ajayshah199,"2026-09-30 00:06:02",0.08,2,ajayshah199
577,16976967,"Rashid Khazeiynasab","2026-09-29 12:00:59",0.08,1,rashidel1988
578,16981844,Deviser,"2026-10-01 16:10:09",0.08,2,thetoicxdude
579,16985314,gon2gon2,"2026-09-30 15:05:13",0.08,2,gon2gon2
580,16976614,"Tom #2","2026-09-29 14:01:49",0.08,1,"daphne4sg,mahdiseddigh,tom99763"
581,16985645,pikachu,"2026-09-29 14:29:38",0.08,1,jzhpfn
582,16949097,Bigmb,"2026-10-01 02:41:50",0.08,8,malavbigmb
583,16966977,"Hưng Trần","2026-09-29 14:54:53",0.08,4,hungtrabiz
584,16961979,"rutashubanyuma nestory","2026-10-01 11:01:49",0.08,7,rutashubanyuma
585,16952378,copasta,"2026-10-01 06:21:53",0.08,3,copasta
586,16985467,hoppery,"2026-10-02 00:05:11",0.08,4,suyongan
587,16952511,"Sergio D","2026-09-29 15:59:06",0.08,1,ser8147
588,16983284,MY,"2026-10-01 15:24:58",0.08,3,mikhailyurasov
589,16973339,"T0m0t0m0 W","2026-09-29 16:24:26",0.08,1,t0m0t0m0w
590,16957601,"LIN mimosa","2026-09-29 16:38:38",0.08,4,"huojunan,linmimosa"
591,16959257,amenem,"2026-09-30 03:50:13",0.08,3,amenem
592,16951435,untitled,"2026-10-01 08:25:05",0.08,2,reg0x00
593,16985616,"Chou Dah Chiun","2026-10-01 17:40:39",0.08,3,choudahchiun
594,16979964,IskanderAkhmetov,"2026-09-29 17:23:24",0.08,1,iskander2017
595,16960611,"Giuliano Di Giuseppe","2026-09-29 18:05:31",0.08,1,giulianodigiuseppe
596,16949637,AbhishekNandy,"2026-10-01 19:42:04",0.08,3,abhicloudstalk
597,16963591,"Theo Lange","2026-09-29 19:43:27",0.08,1,theolange
598,16955862,"Sambit Padhan","2026-10-01 06:14:34",0.08,3,sambitpadhan
599,16982370,yaya__k,"2026-09-30 09:52:32",0.08,2,yaya88k
600,16972133,"Yukai Liu","2026-10-02 00:00:24",0.08,6,yukailiu
601,16948033,NP,"2026-10-01 00:05:49",0.08,8,nikolce
602,16955492,"Avery Wright","2026-10-01 01:06:07",0.08,6,averywright
603,16972227,"mathis Brugeaud123","2026-10-01 00:05:26",0.08,2,mathisbrugeaud123
604,16962286,YM,"2026-10-01 01:49:23",0.08,2,saneyuki
605,16966497,"Aditya Bharadwaj","2026-09-30 01:13:17",0.08,4,adityabharadwaj26
606,16972833,"Abu Bakar","2026-10-01 19:15:07",0.08,4,bakar31
607,16948198,"Hira Norm","2026-10-01 00:03:18",0.08,5,hiranorm
608,16951975,Karina,"2026-10-01 02:51:25",0.08,7,youtaoliu
609,16986045,heartkilla,"2026-09-30 03:12:53",0.08,1,aruchomu
610,16982369,"Sumit Chauhan","2026-09-30 03:23:56",0.08,2,sumitxory
611,16971279,"Sunghyun Jun","2026-10-01 01:54:38",0.08,3,sunghyunjun
612,16968383,"Haoqin Hong","2026-09-30 03:36:47",0.08,1,haoqinhong
613,16983416,"Brian Chua","2026-10-01 01:55:26",0.08,2,chuazhengweibrian
614,16984625,"Thomas M Thoppil","2026-09-30 04:19:49",0.08,2,thomasmthoppil
615,16969100,"DHEERAJ KUMAR","2026-09-30 04:43:27",0.08,3,dheerajkr1a1a
616,16988962,"Amanie El-Hajj","2026-10-01 08:32:36",0.08,2,aelhajj
617,16987717,Samarth,"2026-09-30 05:51:53",0.08,1,samarth1006
618,16988760,"yu lesui","2026-10-01 01:19:34",0.08,2,yulesui
619,16959046,"Aniket Sinha","2026-09-30 06:23:06",0.08,5,aniketsinha2501
620,16987218,"Sum YEUNG","2026-10-01 16:24:19",0.08,2,sumyeung
621,16951136,hsiaosuan,"2026-10-01 01:52:56",0.08,4,"hkd2333,hsiaosuan"
622,16974939,CraigAA,"2026-10-01 05:25:06",0.08,4,craigatkky
623,16978122,s_okamo,"2026-10-01 06:02:33",0.08,2,sokamo
624,16989277,"Yousef Turk","2026-09-30 09:52:11",0.08,1,yousefturk
625,16963421,"Mathieu W","2026-10-01 00:01:53",0.08,2,mathieuw
626,16950073,seven,"2026-09-30 10:24:01",0.08,1,morikawatakeshi
627,16955464,"Henrique José De Souza","2026-09-30 12:22:38",0.08,1,henriquejsza
628,16991367,"Vandana Pathania","2026-10-01 13:08:50",0.08,2,vandanapathania
629,16981829,LeeDongchan,"2026-10-01 01:49:25",0.08,3,eastcold
630,16976819,"Sicheng Leo Liu","2026-10-01 07:39:24",0.08,2,sichengleoliu
631,16982031,"Arnav Prabhu","2026-10-01 00:21:12",0.08,3,arnavprabhu
632,16990530,giacomob,"2026-10-01 13:03:48",0.08,2,ijiiok
633,16950879,NaiLooooong,"2026-09-30 15:23:41",0.08,2,suntenghao
634,16948346,"Arsal Minhaji AWS","2026-10-01 09:29:27",0.08,3,arsalminhajiaws
635,16992448,"Ryan Fernandes","2026-09-30 18:19:47",0.08,1,ryanfernandes1
636,16966971,MKhlystun,"2026-10-01 11:00:16",0.08,2,mkhlystun
637,16960436,"Your Next Hire","2026-10-01 14:47:08",0.08,5,"fasiltheengineer,shahalthayyil"
638,16966888,jan,"2026-10-01 10:09:46",0.08,5,janddd
639,16949951,zoro9292,"2026-10-01 11:40:46",0.08,5,zoro9292
640,17013542,"Jaswanth Marrapu","2026-10-01 11:46:20",0.08,1,jaswanthmarrapu
641,16986132,milos,"2026-10-01 11:50:19",0.08,2,milosg
642,16959849,"shrey sharma07","2026-10-01 12:01:51",0.08,2,shreysharma07
643,17013513,"Gautier Marti","2026-10-01 12:12:30",0.08,1,gautiermarti
644,17013442,"Hıdır BozkurtT","2026-10-01 12:36:23",0.08,1,hdrbozkurtt
645,16953944,"Ray Yen216","2026-10-01 12:38:07",0.08,1,rayyen216
646,16991860,"Fuat Çakıcı","2026-10-01 13:21:55",0.08,2,fuatcakiicii
647,16967237,Haraguchi-T,"2026-10-01 13:39:27",0.08,1,haraguchit
648,16955405,"Slade Cowling","2026-10-01 13:55:44",0.08,3,sladecowling
649,16949029,Nikita,"2026-10-01 13:57:49",0.08,1,ivanovnikitawork
650,16973178,huawanr,"2026-10-01 14:13:37",0.08,4,huawanr
651,17014534,"Gaussian Process","2026-10-01 14:45:14",0.08,1,aisolution
652,16956513,Yann,"2026-10-01 15:09:46",0.08,6,ylamidon
653,17014731,"k hori ","2026-10-02 00:31:03",0.08,2,khori7
654,16950712,最强的战绩，铭刻于kaggle,"2026-10-01 15:33:47",0.08,2,"koukoumi,liyanhui13711495410"
655,17013977,milkcoffeen,"2026-10-01 16:40:24",0.08,1,milkcoffeen
656,16970348,"lionel W509","2026-10-01 17:02:36",0.08,3,lionelw509
657,16985159,"Ng Juin Ron","2026-10-01 17:07:11",0.08,2,ngjuinron
658,16965628,"Artem Zelenskii","2026-10-01 17:20:37",0.08,1,artemzelenskii
659,16954865,"Satish ","2026-10-01 17:48:30",0.08,6,satishkommanaboina
660,16992761,"Tyler Martin","2026-10-01 18:50:52",0.08,1,tylermartinalaska
661,16951804,"Vavilkin Alexander","2026-10-01 19:23:43",0.08,1,vavalex
662,17011617,"Grim Reaper","2026-10-01 21:09:14",0.08,1,fathomable
663,17016468,"Navneet Prabhat","2026-10-01 21:14:22",0.08,1,navneetprabhat
664,16993866,"Bob Lee Swagger","2026-10-01 21:38:58",0.08,1,cobo94
665,16985584,"Litu Ou","2026-10-01 23:07:33",0.08,2,oulitu
666,16987135,SeMe4K0,"2026-10-01 23:39:42",0.08,1,seme4k0
667,17017056,"David Zapata","2026-10-01 23:49:40",0.08,1,duhveedz
668,16969068,"Isaack Joshua","2026-10-02 00:06:24",0.08,3,isaackjoshua
669,16984606,FatPaw,"2026-10-02 00:12:37",0.08,1,dangtrinhha
670,16952766,Chenstillstude,"2026-10-02 00:39:21",0.08,9,chenstillstude
671,16950280,songhahaha66,"2026-10-02 00:51:36",0.08,5,songhahaha66
672,16950208,xthixsl_ml,"2026-10-02 02:00:23",0.08,4,xthistle999
673,16950183,"Dawood Azeeza","2026-09-24 06:05:49",0.06,1,dawoodazeeza
674,16948671,WLYYYo,"2026-10-01 05:20:23",0.06,7,wlyyyo
675,16950085,sadanamaru,"2026-09-25 22:35:46",0.06,2,sadanamaru
676,16953409,"Marko Hasbi Rahman","2026-09-28 06:32:09",0.06,2,markohasbirahman
677,16950932,aruuu,"2026-10-01 18:27:15",0.06,3,arruuu
678,16949600,"Adeeb Al-Dkheel","2026-09-28 19:35:42",0.06,4,adeebaldkheel
679,16955973,H5X,"2026-09-24 19:20:28",0.06,1,vasanthfeb13
680,16957229,"Nicholas Dominic","2026-09-26 00:22:17",0.06,3,nicholasdominic
681,16957498,AlekseiProvorov,"2026-09-27 00:23:13",0.06,2,leoprovorov
682,16953449,Shushantw,"2026-10-01 02:20:03",0.06,7,shushantw
683,16951575,"Cường Phạm Quốc","2026-09-26 04:11:25",0.06,3,pzcuong
684,16956636,"Danielle Lesin","2026-09-25 03:19:14",0.06,2,ladyfaye
685,16955277,"Luke Vieira","2026-09-28 17:41:58",0.06,4,lukevieira
686,16954797,"APEX Agent Development","2026-09-30 12:10:41",0.06,4,bang1850
687,16958168,nsharma_03,"2026-09-28 09:13:34",0.06,3,navin03
688,16959583,Emmy,"2026-10-01 07:10:50",0.06,4,emmyone
689,16954812,"fabio olival","2026-10-01 06:45:33",0.06,8,fabioolival
690,16955487,Nilanjan_Saha123,"2026-09-26 01:51:16",0.06,2,nilanjansaha123
691,16961103,PowPow,"2026-09-25 12:34:06",0.06,1,alexproger23
692,16949681,"John Stupid","2026-09-25 12:38:09",0.06,2,bryxosmmm
693,16949018,"Please Hire Me","2026-09-27 00:01:35",0.06,4,abreyton
694,16961827,sukesuke012,"2026-09-25 15:49:59",0.06,1,sukesuke012
695,16959329,Amir732,"2026-09-27 05:53:29",0.06,3,amir732
696,16961298,idhoaf,"2026-09-25 17:04:49",0.06,1,idhoaf
697,16950326,"Akmal Xodarev (Busya PRIME)","2026-09-25 19:04:07",0.06,1,busyaprime
698,16963078,"Den Pugovkin","2026-09-29 05:29:30",0.06,3,denpugovkin
699,16958073,"Krish Shah","2026-09-27 07:57:56",0.06,3,krshs90
700,16950802,vbeeram,"2026-09-27 14:54:36",0.06,2,vbeeram
701,16953113,"Harish Yadav","2026-09-26 07:49:12",0.06,2,harishyadav0506
702,16951606,TheFusionCube,"2026-09-29 02:09:40",0.06,5,thefusioncube
703,16948268,"Chikkam Sandeep Munna","2026-09-28 09:42:49",0.06,4,chikkamsandeepmunna
704,16950372,"vnejk erorjfe","2026-09-29 13:06:11",0.06,5,vnejkerorjfe
705,16965485,EasonWang21,"2026-09-27 03:20:15",0.06,2,easonwang21
706,16960434,"Manish Shivabhakti","2026-09-26 12:03:37",0.06,1,themanysh
707,16963263,"Utku Orçun Gezici","2026-09-27 00:00:07",0.06,2,utkuorcun
708,16957138,"Yoshihiro Ando","2026-09-27 14:33:12",0.06,2,yoshihiroando
709,16967940,SenTran,"2026-10-01 02:25:51",0.06,6,sentrankim
710,16967495,"Jeong, Yitae","2026-09-26 16:22:35",0.06,1,ttteon
711,16948929,Seshu,"2026-09-27 00:46:04",0.06,3,seshuthota
712,16968857,"Anurag Sharma","2026-09-27 00:02:20",0.06,2,anur7ag
713,16966475,"suzy su","2026-09-26 21:40:58",0.06,1,suzysu997
714,16951835,"Luca Loo","2026-09-29 21:56:28",0.06,4,lucienlo
715,16968502,"Fidel Escalona","2026-09-30 23:27:21",0.06,4,fbescalo
716,16952663,"Hıdır Demir","2026-09-27 00:02:02",0.06,4,hdrdmr
717,16950016,"Mohammad Yaser Hussain","2026-09-27 00:02:31",0.06,5,mohammadyaserhussain
718,16950268,easonyanyan,"2026-10-01 04:17:00",0.06,7,easonyanyan
719,16954767,tyz123456,"2026-09-29 09:13:14",0.06,6,tyz123456
720,16957866,"Aron Bakes","2026-09-30 09:51:25",0.06,5,aronbakes
721,16957660,"Sailaja Morrennagari","2026-09-27 00:45:49",0.06,3,sailajaasb
722,16969743,MasatoMorita(mori),"2026-10-01 01:18:23",0.06,2,masatomorita
723,16964483,"Arief Ibrahim Wuller","2026-10-01 03:43:54",0.06,6,ariefibrahimwuller
724,16967727,EyobAleB,"2026-10-01 00:10:38",0.06,4,eyobaleb
725,16970814,"Med Anouar","2026-10-01 05:50:33",0.06,5,mfattah
726,16956044,Deepakexplores,"2026-09-27 07:38:34",0.06,2,deepakexplores
727,16958446,wrath333*,"2026-09-27 07:43:31",0.06,2,shashanka319
728,16952640,"Tra Crew","2026-09-28 06:06:21",0.06,2,tracrew
729,16969218,wajiwaji,"2026-09-27 09:08:06",0.06,1,wajiwaji
730,16966836,"Minh Đăng Lê","2026-09-27 10:04:18",0.06,1,minhngle
731,16956665,"Fahmy Diab","2026-10-01 06:22:59",0.06,7,fahmydiab
732,16948193,zip,"2026-09-30 07:39:42",0.06,2,zippogu
733,16970958,"Aditya Sasidhar","2026-10-01 00:00:38",0.06,5,tadityasasidhar
734,16972042,GSD,"2026-09-27 13:19:50",0.06,1,gsdeepakkumar
735,16972618,"Ege Hüseyinca","2026-09-27 14:20:01",0.06,1,egehseyinca
736,16971844,"Josef Bednar","2026-09-27 14:39:16",0.06,1,bednarjosef
737,16970152,Euge,"2026-09-27 15:07:05",0.06,1,eugenio0
738,16968221,Abhinav0370,"2026-09-28 10:02:15",0.06,2,abhinav0370
739,16963567,"Martim Nascimento","2026-09-30 01:15:20",0.06,3,martimnascimento
740,16969796,Randy,"2026-09-28 00:15:25",0.06,2,rvndyerwin
741,16967754,taindp98,"2026-09-30 21:33:34",0.06,4,taindp98
742,16959125,Sogyo,"2026-10-01 07:16:55",0.06,6,"adityasreedhar,sanjukthasusindar"
743,16969477,"Piyush Bhargava","2026-09-27 18:48:54",0.06,2,piyushbhargava
744,16950144,"Mostafa ElAraby","2026-09-27 19:08:01",0.06,4,mostafaelaraby
745,16958176,fshindo,"2026-09-27 19:17:59",0.06,1,ffsscf
746,16958044,"Violet Notes","2026-09-30 09:09:08",0.06,6,dominicjamil
747,16961957,"Joseph Ayanda","2026-10-01 19:33:32",0.06,5,josephayanda
748,16962894,rober12e4,"2026-10-01 01:15:42",0.06,4,rober12e4
749,16957545,恋言(regonn)🍵,"2026-10-01 01:09:26",0.06,4,regonn
750,16955672,"Dat Money","2026-09-28 00:42:30",0.06,2,datmoney
751,16972445,jelinse,"2026-09-29 17:16:34",0.06,3,jelinse
752,16974913,Veerakrishna,"2026-09-29 00:30:18",0.06,2,veerukhannan
753,16959380,"Manoj Gowda BG","2026-10-01 05:48:16",0.06,3,"manojgowdabg,nidhigowdabg"
754,16958140,"Hernan Greco","2026-09-28 01:35:44",0.06,1,hgreco85
755,16974859,永井こうたろう,"2026-10-01 08:26:24",0.06,4,kotakota914
756,16974185,"Lijuan Tang","2026-09-28 04:50:28",0.06,1,lijuantang19
757,16972572,Asim,"2026-10-01 00:01:49",0.06,4,asemokby
758,16968795,"Tom W2025","2026-09-28 05:45:28",0.06,1,tomwwwww
759,16973881,"Mohammad Javad Dianat","2026-09-28 06:30:22",0.06,1,dianatofficial
760,16966961,src,"2026-09-30 00:56:04",0.06,4,skthtu
761,16972401,Trisha,"2026-09-28 07:09:08",0.06,2,trishalav
762,16950588,quyenpd2,"2026-09-28 08:20:35",0.06,2,funnycoder
763,16959469,"Dixon Yeurmuth","2026-09-28 08:24:25",0.06,1,dixonyeurmuth
764,16973343,"Francesco Simone","2026-09-28 08:49:54",0.06,1,francescosimone
765,16960625,AgentRaksha,"2026-09-28 10:12:39",0.06,4,"vigneshguguloth,ydvadi"
766,16972441,"Xu Chenhan","2026-09-28 10:58:09",0.06,2,xuchenhan
767,16969244,vovshvl,"2026-10-01 20:19:31",0.06,6,vovshvl
768,16976489,Jitheswar,"2026-10-01 00:02:09",0.06,4,jitheswar
769,16957308,"Matthew Mitchell","2026-09-28 14:32:57",0.06,1,matthewemitchell
770,16974635,Soilair,"2026-09-30 09:45:10",0.06,4,soilair
771,16980092,"Braxton Dyer","2026-09-29 01:22:30",0.06,2,braxtondyer
772,16979890,"Dmitry Volovikov","2026-09-28 17:39:58",0.06,1,dmitryvolovikov
773,16973525,"Sergey Shcherbakov","2026-09-29 22:04:22",0.06,2,sergey140146659
774,16962251,KaGGLeLGGaKaGGLe123,"2026-09-28 17:52:46",0.06,1,kagglelggakaggle123
775,16974775,"Gabteni Mouhamed","2026-09-30 23:47:11",0.06,2,gabtenimouhamed
776,16954795,"John Taylor (AI)","2026-10-01 00:17:46",0.06,5,johntaylorai
777,16981147,"Glenn D","2026-09-30 04:40:45",0.06,3,glenndalbey
778,16981362,"junseok lee","2026-10-02 01:52:35",0.06,4,jaslee2
779,16977458,"rad kawar","2026-09-29 00:03:04",0.06,2,radkawar
780,16981433,"Joseph Arthur Koo","2026-10-02 00:02:13",0.06,4,kuasthermalguardian
781,16977837,EricWang,"2026-09-29 00:17:59",0.06,2,ericwang915
782,16967450,Toon,"2026-09-29 00:40:52",0.06,2,sanhapon
783,16971601,"Ref Mo","2026-10-01 10:17:00",0.06,5,mohamedkhaled9h
784,16977461,"Lynx Myth","2026-09-29 01:46:53",0.06,1,lynxmyth
785,16954489,whoami,"2026-09-30 22:04:38",0.06,4,whoamircc
786,16969002,Almoaidi,"2026-10-01 00:02:49",0.06,3,almoaidi
787,16956143,"Prathmesh Adsod","2026-09-30 04:28:06",0.06,2,prathmeshadsod
788,16950213,toolazyhhh123,"2026-10-01 04:02:58",0.06,8,toolazyhhh123
789,16971713,"DURGA CHANDU PEDDINTI","2026-10-01 19:13:06",0.06,5,durgachandupeddinti
790,16949313,"Gemma Need Gamma Ray","2026-10-01 10:05:11",0.06,3,"gwey1025,koushikrudra"
791,16965051,"Rishabh Khadse","2026-10-01 03:20:22",0.06,6,rishabhkhadse
792,16975770,"lsm jii","2026-10-01 04:52:02",0.06,3,lsmjii
793,16979222,h_noson,"2026-10-01 01:35:26",0.06,4,hnoson
794,16958401,Gleb1441,"2026-10-02 01:46:14",0.06,3,"glebik1,leksik"
795,16958380,stunningvn,"2026-09-30 11:24:47",0.06,4,dedquoc
796,16967530,"Connor Tynan","2026-10-01 20:46:00",0.06,3,connortynan
797,16983916,qiuqiu,"2026-09-30 09:34:12",0.06,2,qiuqiuh
798,16951007,SeaGoat,"2026-10-01 00:08:14",0.06,5,vbandaru
799,16982495,"Médéric Hurier (Fmind)","2026-09-29 12:13:30",0.06,1,freaxmind
800,16979304,"Commit Compass DIICSU","2026-10-01 03:44:38",0.06,3,"liangchenclairiz,realyuangzhou"
801,16967568,"Rob C","2026-10-01 00:07:45",0.06,5,robertcheah
802,16984954,koheip,"2026-10-01 06:45:39",0.06,3,kohei4649
803,16955352,"Amit Malakar","2026-10-01 06:46:44",0.06,3,amitmalakarjoy
804,16981897,SAVE,"2026-10-01 02:03:19",0.06,3,chenshengabc
805,16985224,"Igor Sudin","2026-09-29 13:38:32",0.06,1,sid737
806,16964911,yondero,"2026-09-29 13:40:46",0.06,1,yondero
807,16948754,"Nur Srijan","2026-09-29 14:11:46",0.06,4,nursrijan
808,16963247,"Giovanni Novelli, Ph.D.","2026-10-01 05:45:46",0.06,4,giovanninovelli
809,16962981,"RMS Danaraj","2026-10-01 17:53:01",0.06,5,salorajan
810,16952868,kutty1119,"2026-09-29 15:45:51",0.06,2,kutty1119
811,16955440,Unemployed,"2026-10-01 01:44:16",0.06,4,"cuongduc,tungdd2"
812,16950701,想要成为kaggle大师,"2026-10-01 16:26:00",0.06,3,"apuzhw7,pseree,yanshaoo2026"
813,16975518,"Chaoqi Luo","2026-10-01 01:03:39",0.06,3,chaoqiluo7
814,16961721,"Kadir Balalan","2026-09-29 20:59:22",0.06,1,kadirbalalan
815,16987572,"RanJeet Gupta","2026-09-29 21:08:11",0.06,1,ranjeet258
816,16956464,Prakash2006,"2026-09-29 22:10:50",0.06,2,prakash2022
817,16961820,skomuro,"2026-09-30 20:24:31",0.06,4,skomuro
818,16969391,"John Wegis","2026-10-01 00:05:46",0.06,3,johnwegis
819,16986776,Cflave,"2026-10-01 00:00:08",0.06,3,clavelle27
820,16959015,田口雄大,"2026-09-30 00:52:06",0.06,1,ydi102143
821,16982338,"Gino Viloria","2026-10-01 03:51:31",0.06,3,ginoviloria
822,16957093,"Phil Gear","2026-10-01 03:40:22",0.06,2,philgear
823,16986384,Hyunwoo_Park,"2026-10-01 12:27:34",0.06,2,uts3125014010829
824,16988278,NineThree,"2026-10-01 01:18:48",0.06,2,xiaoazuzong
825,16970066,"radji kraim","2026-10-01 02:41:49",0.06,4,radjikraim
826,16975773,spacetime1008,"2026-10-01 05:08:22",0.06,2,spacetime1008
827,16982132,"Dariush Afshar","2026-10-01 00:50:20",0.06,2,dariushafshar
828,16982413,Dnyanesh,"2026-09-30 04:03:28",0.06,2,dnyaneshbharambe
829,16974500,StephenJin1,"2026-09-30 05:55:27",0.06,1,"frederickeith,stephenjin1"
830,16986459,"Jay Gautam","2026-10-01 03:00:04",0.06,3,jaygautam007
831,16954005,Godzilla1215,"2026-10-01 00:06:50",0.06,4,godzilla1215
832,16973111,"Mehmood Zafar","2026-10-01 06:22:42",0.06,3,mehmoodzafar
833,16960140,zhenyu-02,"2026-09-30 06:56:28",0.06,2,zhenyu02
834,16983365,"H.M.Anushka Madawa","2026-09-30 07:37:05",0.06,2,hmanushkamadawa
835,16971740,aaaalexxx,"2026-10-01 08:54:08",0.06,4,alexandermcn
836,16968047,"Omprakash Patra","2026-10-01 00:03:01",0.06,2,omprakashpy
837,16981978,"Yodharin Monplub","2026-10-01 01:03:44",0.06,3,yodharinmonplub
838,16990445,"Nick Rom111","2026-10-01 08:46:59",0.06,2,nickrom111
839,16979666,"jananika senthilkumar","2026-10-01 15:13:35",0.06,4,"jananikasenthilkumar,ssjaswanth"
840,16982431,Tak633b,"2026-10-01 07:12:39",0.06,2,tak633b
841,16969047,"Seyit kaan Gunes","2026-10-01 18:15:23",0.06,2,seyitkaangunes
842,16990787,EliKal,"2026-10-01 00:01:01",0.06,2,eliork
843,16990896,tsuruoka,"2026-10-01 00:13:56",0.06,2,tsuruoka0123
844,16976564,CYLik,"2026-09-30 13:14:36",0.06,1,cylik93
845,16986120,"Anant Pathak","2026-10-01 16:04:37",0.06,3,anant200ml
846,16989046,彭文龙,"2026-09-30 13:50:56",0.06,1,pengwenlong
847,16991701,"green algeria","2026-09-30 13:57:08",0.06,1,greenalgeria
848,16981007,"ELhamdaoui AM","2026-09-30 16:52:47",0.06,1,elhamdaouiabdelmajid
849,16957885,"Aaron Cattoir","2026-09-30 18:21:28",0.06,3,aaroncattoir
850,16958203,"Julian Murphy","2026-09-30 18:23:29",0.06,2,julianmurphy
851,16989737,mraz1006,"2026-10-01 06:07:16",0.06,2,mraz1006
852,16948797,"Ivan Ternovskiy","2026-10-01 11:19:03",0.06,1,aristophanivan
853,17013659,Xiaoyu_hkgo,"2026-10-01 12:32:31",0.06,1,xiaoyuhkgo
854,16951915,Chinzo,"2026-10-01 13:13:28",0.06,2,chinzorigtganbat
855,16981530,강북구집돌이,"2026-10-01 14:46:44",0.06,3,yunseungmin0531
856,16988314,Eliaaazzz,"2026-10-01 14:54:16",0.06,2,eliaaazzz
857,16973606,"Chengyi Zhang","2026-10-01 15:11:49",0.06,1,sinfonia8838
858,16980262,"Landen Jackson","2026-10-02 00:21:45",0.06,5,landenjackson
859,16949718,Claudex,"2026-10-01 15:32:41",0.06,2,davidacad10
860,16957483,"mehdi benmassoud","2026-10-01 16:01:19",0.06,5,mehdibenmassoud
861,16966364,MostlyCorrect,"2026-10-01 17:07:58",0.06,6,marcopapotti
862,16993245,Bulat_Kusmankulov,"2026-10-01 18:22:21",0.06,2,bulatkusmankulov
863,17015288,Rey4Dan,"2026-10-01 18:38:47",0.06,1,rey4dan
864,16976195,"Rémi Soubeyrand","2026-10-01 19:39:10",0.06,1,rmisoubeyrand
865,17015828,alijs,"2026-10-01 19:55:02",0.06,1,alijs1
866,17016395,"Siddhesh Sathe","2026-10-01 20:51:13",0.06,1,sidcodegg
867,17014175,"Tu Nguyen","2026-10-01 21:06:39",0.06,1,thanhtu
868,16957590,Kudo,"2026-10-02 00:00:42",0.06,2,nguyenchicuong
869,16994189,"Sirui Zeng","2026-10-02 00:15:07",0.06,2,siruizeng
870,16947988,DovyDigital,"2026-09-23 18:45:37",0.05,4,dovydigital
871,16953916,"Grzegorz Sionkowski","2026-09-25 19:42:59",0.05,2,sionek
872,16955829,xnryxd,"2026-09-26 06:59:04",0.05,2,al55522me
873,16957026,"Eli Stewart10","2026-09-24 21:37:29",0.05,1,elistewart10
874,16952778,"Clement Ling","2026-09-25 02:38:26",0.05,2,clementling
875,16951995,yesterdays_rebel,"2026-09-25 03:56:30",0.05,1,irfanparaniya
876,16950490,DePie,"2026-09-28 10:10:35",0.05,4,phucthaiv02
877,16958783,Zero,"2026-09-25 05:09:53",0.05,1,benjason
878,16959219,"Akbar Vatanshoev","2026-09-25 06:31:34",0.05,1,akbarvatanshoev
879,16959116,"Dea Adeliana Putri","2026-09-26 02:12:11",0.05,2,deaadelianaputri
880,16959622,"Ramya Nakshathra","2026-09-25 08:14:49",0.05,1,ramyanakshathra
881,16954386,"Quan Nguyen","2026-09-25 09:21:02",0.05,1,quannguyn12
882,16961162,ParsaAshrafi,"2026-09-28 11:47:48",0.05,2,parsaashrafii
883,16961321,"VIKASH YADAV","2026-09-25 14:09:58",0.05,1,vikashyadav05
884,16955167,"Tanav Bajaj","2026-10-01 00:22:13",0.05,3,tanavbajaj
885,16954998,"Ryan Deschamps","2026-09-28 23:19:14",0.05,4,rdeschamps
886,16958825,JOONSEOEOM,"2026-09-26 03:48:22",0.05,1,joonseoeom
887,16955878,rgusain,"2026-10-01 16:40:55",0.05,2,rgusain
888,16957016,"Michael Leaf-Milham","2026-09-27 00:07:09",0.05,3,michaelleafmilham
889,16965255,rlawoals0529,"2026-09-26 05:17:57",0.05,1,rlawoals0529
890,16965450,Jayadhev,"2026-09-26 05:57:22",0.05,1,jayadhev
891,16958224,Ikeda0516,"2026-09-26 06:08:29",0.05,1,ikeda0516
892,16963104,"Mohamed el.harery","2026-10-01 12:21:15",0.05,3,mohamedelharery
893,16956209,"Badamasi Idris","2026-09-26 07:24:46",0.05,3,badamasiidris
894,16965943,Warkop,"2026-09-27 21:00:14",0.05,2,feryputera
895,16965575,"Loc Dang","2026-09-26 09:46:59",0.05,1,catdoglover
896,16962508,"Nguyễn Giáp","2026-09-26 15:38:07",0.05,2,nguyngip
897,16956847,PiRho,"2026-09-26 15:48:46",0.05,1,pirho3141
898,16968427,"Nipun Gupta","2026-09-28 12:47:57",0.05,2,nipung2010
899,16958408,Oddball45000,"2026-09-26 18:24:03",0.05,1,oddball45000
900,16959355,"Shehab Anwer","2026-09-26 18:34:32",0.05,1,habanwer
901,16961510,"Faith Wright","2026-09-26 21:20:23",0.05,1,faithwright
902,16969369,TanmayxD,"2026-09-28 02:32:14",0.05,2,tanmayxd
903,16964604,"Yusuke Hayashi","2026-09-28 08:42:38",0.05,2,yhay81
904,16950347,"Takamichi Toda","2026-09-29 12:21:57",0.05,6,takamichitoda
905,16949068,"Ritwika Kancharla","2026-10-01 00:13:35",0.05,5,ritwikakancharla
906,16955898,"Jonathan Simone","2026-09-27 00:51:05",0.05,4,jonathansimone
907,16958453,"La Ode Aman","2026-09-27 01:03:20",0.05,3,laodeaman2024
908,16949146,"Filip Strzałka","2026-09-29 01:23:55",0.05,7,snufkin77
909,16956147,"Siddhartha Dhar Choudhury","2026-09-27 01:33:33",0.05,2,frankhart98
910,16958270,"Dalton Haine","2026-09-29 06:05:38",0.05,5,daltonhaine
911,16958434,"Parth Maradia","2026-10-01 00:01:59",0.05,5,parthmaradia
912,16960781,"Wasif Mahmood","2026-10-01 02:42:28",0.05,7,wasifm
913,16971362,TildAlice,"2026-09-29 00:01:33",0.05,3,cocoyachi
914,16969275,"Jeffery Jerome Harris","2026-09-27 12:08:22",0.05,1,jefferyjeromeharris
915,16947981,janson,"2026-09-27 12:31:29",0.05,1,johnjanson
916,16969911,"ansheng jhang","2026-09-27 13:34:35",0.05,1,anshengjhang
917,16954048,zzz,"2026-09-27 13:53:29",0.05,2,xuanmingzhang777
918,16972895,YongZhangJ,"2026-09-27 17:41:03",0.05,1,yongzhangj
919,16964977,"Abel Mendez","2026-10-01 04:59:23",0.05,3,abelmendez
920,16958387,Bharat,"2026-09-28 05:44:31",0.05,4,bharat0
921,16959702,"Candice Eva Williams","2026-10-01 09:09:48",0.05,5,candiceevawilliams
922,16967939,"Jesse Weigel","2026-10-01 00:05:28",0.05,4,jesseweigel
923,16974468,HaneefRasheed,"2026-10-01 10:38:32",0.05,5,h3rasheed
924,16957552,"Rafael Aguilher da Costa","2026-09-27 23:04:54",0.05,1,korck666
925,16957045,"Scott Willis","2026-09-29 00:05:03",0.05,4,scottgwillis
926,16968473,Tafokints,"2026-09-28 00:13:27",0.05,1,tafokints
927,16972560,kimdonggyu1255,"2026-10-01 02:39:27",0.05,4,kimdonggyu1255
928,16956692,"Wael El Ghazzawi","2026-09-28 04:19:02",0.05,2,waelelghazzawi
929,16955856,"Sumit Dwivedi","2026-09-29 16:32:42",0.05,3,versacurious
930,16951169,"Hồ Khánh Duy","2026-09-28 08:15:42",0.05,3,"doragaming,hkhnhduy"
931,16962316,"NESRINE HEBBADJ","2026-09-28 08:16:35",0.05,2,nesrinehebbadj
932,16960153,"Sikker Rosendal","2026-10-01 07:26:10",0.05,4,sikkerrosendal
933,16977102,WDK777,"2026-09-29 10:01:58",0.05,2,wdk777
934,16976482,"Komil Parmar","2026-09-28 11:15:49",0.05,1,komilparmar
935,16970874,koushik_trys_ai,"2026-09-28 11:31:53",0.05,2,koushiktrysai
936,16977823,"Akhil Madineni","2026-09-29 19:46:50",0.05,2,akhilmadineni
937,16973599,"Hafida Belayd","2026-09-28 12:07:47",0.05,2,hafidabelayd
938,16958509,Zakinosuke,"2026-09-30 09:37:03",0.05,2,benzousilvia
939,16957829,"Reo Neo","2026-09-29 04:48:26",0.05,3,reoneo97
940,16975959,Osama,"2026-09-28 13:04:47",0.05,1,osamasaifs
941,16978551,"Tùng Đỗ","2026-09-29 02:56:04",0.05,2,chuckies
942,16955100,"Darío Ávalos","2026-10-01 07:42:40",0.05,3,darovalos
943,16979585,letit6e,"2026-09-30 23:01:58",0.05,3,letiti6e
944,16980613,"SAIF MODAN","2026-09-28 19:20:25",0.05,1,modansaif
945,16978946,Shardul,"2026-09-28 19:51:15",0.05,1,iamsharduld
946,16957282,n21,"2026-10-01 08:43:34",0.05,4,nagendraadisesha
947,16952651,"Dat LQ.","2026-09-30 23:55:02",0.05,6,nightfurylqd
948,16969169,"Long Phongthien","2026-10-01 00:45:15",0.05,6,longphongthien
949,16948968,"Nihal l.suvarna","2026-10-01 02:43:11",0.05,7,nihallsuvarna
950,16973022,shafiullah,"2026-10-01 01:22:32",0.05,4,bigdataanalysis1
951,16974869,"chikara ueta","2026-09-30 00:01:11",0.05,2,chikaraueta
952,16975090,mickwang,"2026-09-30 02:35:16",0.05,3,mickwang
953,16976804,"Mangesh Raut","2026-09-29 03:35:16",0.05,2,mangeshraut7
954,16964492,"Paarth Sharma","2026-09-30 14:36:36",0.05,2,"aarushgupta1506,faridjamshid7,noahjrobertson1,paarthsharma08"
955,16982505,"Sajad Goudarzi","2026-10-01 00:05:10",0.05,3,sajadgoudarzi
956,16963238,LuisSpecian,"2026-10-01 00:01:18",0.05,3,lspecian
957,16980405,ChristianMach,"2026-10-01 00:00:17",0.05,4,christianmach
958,16964535,"Fernando Rodrigues","2026-10-01 10:53:56",0.05,5,fernandosr85
959,16962628,Debmalya,"2026-10-01 17:27:56",0.05,2,debmalya84
960,16952418,paragura,"2026-09-30 17:51:14",0.05,2,itiromuro
961,16985375,"Abhinav Singh","2026-09-29 13:20:31",0.05,1,"mahakagarwal07,officialabhinavsingh"
962,16949529,k_tomo,"2026-09-30 20:06:25",0.05,4,whitelily
963,16954396,"Dharma Saputra","2026-09-30 14:50:56",0.05,4,dharmasaputra
964,16985759,"Javier Martínez Llinares","2026-09-29 14:21:29",0.05,1,javiermtinezllinares
965,16954991,"Karthik Ragulan","2026-09-29 16:21:29",0.05,1,karthikragulan
966,16962358,"Gangasagar Aenugula","2026-09-30 07:45:30",0.05,2,sagaraenugula8125
967,16975922,"Ndueso Etuk","2026-10-01 13:39:57",0.05,3,nduesoetuk
968,16980120,Vikrant,"2026-10-01 10:21:16",0.05,3,bhooonn
969,16987881,"Changyuan Chen","2026-10-01 05:25:26",0.05,3,changyuanchenmit
970,16950295,tamref,"2026-10-02 00:15:03",0.05,9,tamreff3290
971,16988365,"Yhe Chen","2026-10-01 03:40:28",0.05,2,yhechen
972,16959768,HarnessMaxxing,"2026-10-01 04:53:10",0.05,3,"aatiffraz,arpitsrivastava95"
973,16951908,Jinbao,"2026-10-01 01:58:21",0.05,3,jinbao
974,16974036,"Adnan Ahmad Abbasi","2026-10-01 01:25:23",0.05,2,adnanahmadabbasi
975,16980854,"Nguyễn Quang Huy","2026-09-30 03:53:10",0.05,3,ngquanghuyit
976,16958198,Adaluvu,"2026-09-30 04:35:35",0.05,1,adaluvu
977,16987982,"Sankalp Thakur","2026-09-30 04:37:13",0.05,1,sankalpsthakur
978,16988697,GopalKAI,"2026-10-01 04:45:16",0.05,2,gopalkai
979,16960513,"Anthony (Distilled)","2026-09-30 05:33:14",0.05,1,kingychiu
980,16949432,ockie1729,"2026-09-30 05:35:20",0.05,2,mofumofuchan
981,16985432,"yakoub hjk","2026-09-30 06:09:15",0.05,1,yakoubelc
982,16982878,"Debashis Mohapatra","2026-09-30 06:44:27",0.05,2,debashismohapatra
983,16987243,"kaige liang","2026-09-30 06:59:41",0.05,1,kaigeliang
984,16954054,"Pratham Kode","2026-10-01 15:12:11",0.05,8,prathamkode
985,16957620,rejasupotaro,"2026-10-01 00:39:39",0.05,3,rejasupotaro
986,16989859,我需要一份实习,"2026-09-30 09:44:13",0.05,1,badboiriri
987,16989920,"Simone di costanzo","2026-09-30 09:44:50",0.05,1,simonedicostanzo
988,16990169,Vaibhav,"2026-10-01 02:30:14",0.05,2,vaibhavpatel
989,16989552,Artyom,"2026-09-30 10:22:33",0.05,1,netstalker1337
990,16990991,aliqwen,"2026-09-30 12:11:27",0.05,1,aliqwen
991,16986955,stefanoclss,"2026-10-01 09:01:37",0.05,2,stefanoclss
992,16949305,"Ilias Abdouni","2026-09-30 12:42:03",0.05,2,iliasabdouni
993,16988984,AzureYu,"2026-10-01 06:22:18",0.05,2,azureyu
994,16991681,"Joao Pedro Nascimento de Sousa","2026-09-30 15:03:08",0.05,1,joaopedrosousan
995,16992458,蒜香秋刀鱼,"2026-09-30 15:46:00",0.05,1,saury03
996,16991928,Hikari_30,"2026-09-30 16:05:45",0.05,1,hikari30
997,16962679,"Mallela Sathvik","2026-10-01 04:00:57",0.05,6,mallelasathvik
998,16973809,shivam,"2026-09-30 17:26:35",0.05,1,itskshivam
999,16992569,cv7yyrr,"2026-10-01 00:07:47",0.05,2,cv7yyrr
1000,16948984,jigs,"2026-10-01 06:41:14",0.05,7,jigs0907
1001,17013049,LuanHengYu,"2026-10-01 12:06:58",0.05,1,apexml
1002,16976994,MagicL,"2026-10-01 12:15:39",0.05,1,merlinruirui
1003,16949895,"Hassan Tavakoli","2026-10-01 12:38:22",0.05,3,hassantavakoli
1004,17013811,"Linda Brown","2026-10-01 13:19:53",0.05,1,profilekaggle
1005,16972826,"SylChrist Labs","2026-10-01 13:58:47",0.05,1,"christinamohan,sylviamumu"
1006,17011991,"han liu","2026-10-01 14:42:46",0.05,1,hl54378
1007,17014528,"Anh-Vu Mai-Nguyen","2026-10-01 15:15:18",0.05,1,mainguyenanhvu
1008,16984630,"Ayaan Ghosh","2026-10-01 16:44:36",0.05,2,ayan9001
1009,16961479,cccdias,"2026-10-01 18:06:27",0.05,2,cccdias
1010,16960381,"Arun payyamplate Idiculla","2026-10-01 20:25:39",0.05,4,arunpayy1
1011,16949595,"Amit Gunjan","2026-10-01 20:31:57",0.05,6,daydreamerthinks
1012,16988078,"Guido Tapia","2026-10-02 00:14:14",0.05,1,guidotapia
1013,16982712,neko941,"2026-10-02 00:41:51",0.05,4,nekonekonyan
1014,16988872,"Varen Sarda","2026-10-02 01:02:10",0.05,2,oogway36
1015,16968278,"yeshwanth udayshankar","2026-10-02 02:15:05",0.05,4,yeshwanthudayshankar
1016,16953434,islet,"2026-09-25 04:41:08",0.03,1,kojimar
1017,16957937,Tkc,"2026-09-26 00:03:17",0.03,2,takeshiiijima
1018,16960787,Norikazu　Haji,"2026-09-27 00:44:39",0.03,3,norikazuhaji
1019,16957832,"Ven Le Thanh","2026-09-25 16:48:45",0.03,1,venlethanh
1020,16960629,Ali,"2026-09-26 20:24:54",0.03,2,asalhi
1021,16957202,KR_no_1,"2026-09-27 00:16:44",0.03,2,krno1legend
1022,16966015,ITibe88,"2026-09-27 08:35:45",0.03,2,itibe88
1023,16963239,"Arnav Salkade","2026-09-30 08:03:24",0.03,2,arnavsalkade
1024,16956545,"TABOUT MHAMED","2026-09-26 15:54:15",0.03,2,taboutmhamed
1025,16961578,"Mutaz Younes","2026-09-28 01:27:53",0.03,4,MotazYounes
1026,16956328,hothHowler,"2026-10-01 19:02:46",0.03,3,liweilin
1027,16968416,"Igor Inozemtsev","2026-10-01 11:39:01",0.03,5,igorinozemtsev
1028,16959182,"Austin Harris","2026-09-29 07:32:17",0.03,3,austinhar
1029,16958971,"Yug Parikh","2026-09-27 01:42:39",0.03,1,yugparikh
1030,16955165,"Rengarajan G","2026-09-28 04:55:29",0.03,2,rengarajang
1031,16958246,neepat,"2026-10-01 04:35:11",0.03,6,neepat
1032,16971104,"MATTHAIOS GRIGORIADIS","2026-09-27 09:40:15",0.03,1,matthaiosgrigoriadis
1033,16954773,TechOne,"2026-09-29 20:53:44",0.03,2,"pavanshelat,raj072004"
1034,16971110,Eric,"2026-09-28 00:30:38",0.03,1,chengren01
1035,16958694,ronn,"2026-09-30 06:35:13",0.03,5,ronn93
1036,16969920,RahulBhattacharya,"2026-10-01 03:49:27",0.03,4,rahulbats
1037,16976048,"Sherry Gong","2026-09-28 06:40:02",0.03,1,xiangyugong
1038,16956441,Deeperth_Researches,"2026-09-30 00:04:55",0.03,6,sharifmohamed1
1039,16955368,code-stonks,"2026-09-29 18:12:38",0.03,5,claudeformanek
1040,16969234,Laboni,"2026-09-28 11:08:22",0.03,2,laboniraj
1041,16975969,"Shem Yu","2026-09-28 12:02:31",0.03,1,shemyu
1042,16979219,"Mitudru Dutta","2026-09-28 15:57:19",0.03,1,mitudru
1043,16958159,"Udam Liyanage","2026-10-01 00:25:12",0.03,3,udamliyanage
1044,16959284,CB,"2026-10-01 00:47:44",0.03,3,chrisbarton
1045,16983020,inu_panic,"2026-09-29 08:37:12",0.03,1,inupanic
1046,16970087,yunhui469,"2026-09-29 14:20:46",0.03,2,yunhui469
1047,16977074,chenzipi,"2026-09-29 14:45:38",0.03,1,czx1438
1048,16966948,"Mrutyunjay Patil","2026-09-29 16:25:41",0.03,1,patilmrutyunjay
1049,16986650,"Gaurav Wankhede","2026-10-01 08:48:36",0.03,2,her0icgamer
1050,16972268,DanaAlira,"2026-09-29 19:34:55",0.03,1,danaalira
1051,16981810,"Juan Antonio Candelero Cervantes","2026-09-30 00:08:11",0.03,1,antoniocandelero
1052,16955078,"Sumit Mehta","2026-09-30 01:30:09",0.03,2,sumitmehta12
1053,16983408,amashigure,"2026-10-01 01:59:42",0.03,3,amashigure
1054,16975215,Aker,"2026-10-01 10:09:15",0.03,4,johnsonaker
1055,16967632,"VEMURI SAI MANOJ","2026-09-30 04:04:26",0.03,3,vsaimanoj14
1056,16988100,UniRSY,"2026-10-01 00:01:11",0.03,2,shihaoysng
1057,16982720,hikarimaru,"2026-10-01 00:23:41",0.03,2,hikarimaru
1058,16962638,yashraj2308,"2026-10-01 05:50:13",0.03,5,yashraj2308
1059,16974978,"Di Wu","2026-09-30 08:43:11",0.03,1,wudi91
1060,16990223,"Shisu Li","2026-09-30 09:12:41",0.03,1,shisuli
1061,16991197,"Radu Enucă","2026-09-30 13:31:18",0.03,1,raduenuca
1062,16980125,"Mehdi El Mouttaki","2026-09-30 15:02:45",0.03,3,mehdielm
1063,16965785,Archit,"2026-09-30 16:21:21",0.03,1,archit6t5t
1064,16966666,Nicu,"2026-10-01 05:59:53",0.03,6,nicupetridean
1065,16958999,"Shan Zahra","2026-10-01 12:11:31",0.03,1,sukananaqvi
1066,16949576,Ravindra,"2026-10-01 12:26:51",0.03,2,ravi123a321at
1067,17017476," The Flying Kangaroo","2026-10-01 13:45:44",0.03,1,"mengzicheng,theflyingkangaroo,wmymhm"
1068,17011813,"Jiawei Miao","2026-10-01 14:30:35",0.03,1,garymmmm
1069,17015111,"Charly Van grimbergen","2026-10-01 17:18:56",0.03,1,charlyvangrimbergen
1070,16948173,Hellboy,"2026-10-01 17:48:39",0.03,1,helmirinaldi
1071,17015796,ConsonanceEnt,"2026-10-01 19:07:01",0.03,1,consonanceent
1072,16954215,"Agentis Studio","2026-10-01 19:39:59",0.03,1,alexramos88
1073,16954995,ktyser,"2026-10-01 19:47:41",0.03,1,keithtyser
1074,16967134,"Sumanth Mallya","2026-10-01 21:52:46",0.03,1,sumanthmallya
1075,16993923,"Ahmed Rida SEKKAT","2026-10-01 21:53:43",0.03,2,arsekkat
1076,16957524,"Tim Sereno","2026-10-02 00:03:44",0.03,7,timsereno
1077,17012853,Ymori（盛島康徳）,"2026-10-02 00:31:54",0.03,2,yasunorim
1078,17015279,killinneko,"2026-10-02 00:56:51",0.03,1,killinneko
1079,16961964,"Jaghadish Rajagopalan","2026-10-02 04:11:16",0.03,1,jaghadish
1080,16956709,"Shrish Manglik","2026-09-25 00:05:48",0.01,1,shrishmanglik
1081,16948602,"guoqin gu","2026-09-25 01:02:23",0.01,1,guoqingu
1082,16957340,"koren sabag","2026-09-25 02:23:18",0.01,1,korensabag
1083,16953530,hotaq,"2026-09-26 11:54:18",0.01,2,chinnaphatkhun
1084,16951285,"Sumit Kumar","2026-09-29 03:41:14",0.01,5,sumitk14
1085,16956372,AJ,"2026-09-28 13:58:53",0.01,3,abduljabbarcalica
1086,16965041,DTG,"2026-10-01 01:04:37",0.01,3,yuchen1ghu
1087,16966092,"Vittal Badami","2026-09-26 15:56:05",0.01,1,vittalbadami
1088,16958074,"Roko Torbarina","2026-09-27 04:05:47",0.01,3,rokotorbarina
1089,16969832,"edward zhang","2026-10-01 01:40:20",0.01,4,edzhang34
1090,16965094,"Zhan Billy","2026-10-01 03:33:37",0.01,2,zhanbilly
1091,16957100,"Raluca Bejan","2026-09-27 11:17:07",0.01,1,ralucabejan
1092,16959095,"casey blanche","2026-10-01 01:18:01",0.01,4,caseyblanche
1093,16956218,"sharyar nasir","2026-09-27 15:36:02",0.01,1,sharyarnasir
1094,16972778,"I am back","2026-10-01 03:19:34",0.01,4,"dyuan311,kenanxu666"
1095,16968561,"Ursula Kümpel","2026-09-27 16:22:15",0.01,1,ursulakmpel
1096,16968505,"Takausr Azeem","2026-09-28 03:32:43",0.01,2,takausrazeem
1097,16966103,Monkey_D_Luffy_9.11,"2026-09-29 03:41:38",0.01,4,amittttt0077
1098,16971381,AeRial,"2026-10-01 04:46:06",0.01,2,"gouravsingh2005,soumya2028,sungrg29,vaibhavjjfab,vivekananda777"
1099,16955650,Anson,"2026-09-28 09:08:32",0.01,1,anson0496
1100,16975243,youchy,"2026-10-01 10:10:25",0.01,2,youchy
1101,16974371,nassimberrada,"2026-09-28 13:51:19",0.01,1,nassimberrada
1102,16971537,"liangjiang chen","2026-09-28 14:07:15",0.01,2,"auince1,liangjiangchen"
1103,16962295,"Satyam Vishwakarma","2026-09-29 14:29:04",0.01,4,satyam1836
1104,16957940,Team-Camacho,"2026-09-28 15:58:25",0.01,1,"acamachodepass,acamachog,joseandrescamacho"
1105,16966900,"Saurav Shahi","2026-09-29 02:56:02",0.01,2,sauravshahi
1106,16978159,"Ctrl Alt Elite","2026-10-01 17:55:33",0.01,3,"suraj16047,tauqeerahmed0309,vipulmishra00010"
1107,16956047,by2385,"2026-09-28 19:56:07",0.01,1,"amanyagaminoah,by2385"
1108,16977840,dzjiann,"2026-09-29 03:35:43",0.01,2,dzjiann
1109,16949810,hunt,"2026-09-28 21:49:43",0.01,1,markphillip
1110,16979259,"Helik Thacker","2026-09-28 22:38:52",0.01,1,hellhacker
1111,16952358,Furina,"2026-10-01 07:59:02",0.01,2,dfgtde
1112,16950849,"Chaitanya Jamble","2026-10-01 02:33:37",0.01,7,chaitanyajamble
1113,16976447,Fern-Seref,"2026-09-29 03:51:50",0.01,1,fernseref
1114,16960508,KitN,"2026-09-29 05:16:39",0.01,1,kitn19
1115,16982938,"Mohamed Salah","2026-09-30 23:17:09",0.01,2,mosalah7
1116,16956469,M4nd4l0r14n,"2026-09-29 11:38:31",0.01,1,thiagobcunha
1117,16985826,"Pankaj Kumar","2026-09-30 17:18:49",0.01,2,pankajkumar2002
1118,16966569,"Hiromichi Okon","2026-09-29 15:38:11",0.01,1,hiromichiokon
1119,16986030,Nahid_Hasan_39,"2026-09-29 15:41:39",0.01,1,nahidhasan39
1120,16983103,"Daniil Nelyubin","2026-10-01 21:17:37",0.01,2,funbit
1121,16986798,"Khanh Lê Nhật","2026-10-01 00:04:37",0.01,3,khanhlnht
1122,16953278,"Ari Nakos","2026-09-29 19:59:03",0.01,1,aristides
1123,16959419,"Med Mongi Benyaiche","2026-10-01 08:52:42",0.01,2,medmongibenyaiche
1124,16986070,"Nicolas Dalbec-Constant","2026-10-01 00:31:22",0.01,2,nicolasdalbec
1125,16957482,"Johan BONILLA MENDIETA","2026-10-01 02:52:04",0.01,3,johanbonillamendieta
1126,16986504,Sarmitha_23,"2026-10-01 04:14:23",0.01,2,sarmitha23
1127,16952492,Robert0921,"2026-09-30 08:12:04",0.01,1,robert0921
1128,16961671,"Hussain Khallouf","2026-09-30 08:35:11",0.01,1,"ammaralmzayek,emadallahham,hussainkhallouf"
1129,16988889,mvishwas605,"2026-09-30 09:09:42",0.01,1,mvishwas605
1130,16958607,inori315,"2026-09-30 11:29:37",0.01,1,inori315
1131,16991052,uninhibited-scholar,"2026-10-01 00:33:16",0.01,2,uninhibitedscholar
1132,16985395,GlaV1,"2026-09-30 13:45:37",0.01,1,"babayaga123412,oruc74,sadkcanelik"
1133,16988317,leehokwang,"2026-09-30 13:58:13",0.01,1,leehokwang
1134,16976610,"Takumu Hata","2026-10-02 05:13:46",0.01,3,takumuhata
1135,16955087,"Sandeep Reddy","2026-09-30 14:43:28",0.01,3,vennasan
1136,16990219,cocanada-crabs,"2026-10-01 07:11:20",0.01,2,"sagswe,shaikfarooque"
1137,16991903,TAKESHI7676,"2026-10-01 00:01:51",0.01,2,takeshi7676
1138,16986262,nanhaosu,"2026-09-30 15:47:24",0.01,1,nanhaosu
1139,16989860,"Araik Tamazian","2026-09-30 15:49:55",0.01,1,atamazian
1140,16968976,"twinkle Chhabra","2026-10-01 03:41:13",0.01,2,twinklechhabra01
1141,16991167,Mani_Jos,"2026-10-01 02:33:30",0.01,2,"avatar3905,manijos"
1142,17012474,Rojiomote,"2026-10-01 15:50:51",0.01,1,rojiomote
1143,16973357,"Pascal Lluberes","2026-10-01 16:03:52",0.01,1,pascallluberes
1144,17015128,"yooozhooo Xooo","2026-10-01 17:06:10",0.01,1,yooozhoooxooo
1145,16955854,"daniel rich","2026-10-02 00:20:03",0.01,1,danielrich
1146,16982238,wcwswswws,"2026-10-02 00:40:26",0.01,1,wcwswswws
1147,16948117,"AlphaZero? First Zero!","2026-09-23 15:31:00",0.00,1,russcore
1148,16948532,"Taylor Clark","2026-09-23 16:23:15",0.00,1,taylorclark637
1149,16948280,haideptry,"2026-10-01 10:03:26",0.00,8,haideptry
1150,16948604,XiaoYan12,"2026-09-27 14:14:55",0.00,4,xiaoyan12
1151,16948498,"Hiểu Vy","2026-09-23 17:57:00",0.00,5,thangnm1
1152,16948452,"E-Max AI","2026-09-23 17:54:33",0.00,2,royalacecat
1153,16948597,"Aiman Al-Shalfi","2026-09-26 10:00:54",0.00,4,aimanalshalfi
1154,16949588,brunoarpa,"2026-09-24 01:05:44",0.00,1,brunoarpa
1155,16949413,"Guohao Li","2026-09-24 02:34:00",0.00,1,guohaoli4
1156,16950348,Ritesh-2006,"2026-09-24 02:35:16",0.00,1,ritesh2006
1157,16949440,"Yaman khetan","2026-09-24 04:06:06",0.00,1,yamankhetan
1158,16948199,Mycelis,"2026-10-01 04:06:49",0.00,3,johnmoncel
1159,16950726,"Rishav Yadav","2026-09-24 06:27:36",0.00,1,rishavae
1160,16952098,"Parth Maniar","2026-09-24 08:36:39",0.00,1,theteacoder
1161,16956831,"Dr.Gad Sayedahmed ","2026-09-24 21:29:07",0.00,1,drgadsayedahmed
1162,16949459,Roschild.Rui,"2026-09-25 13:53:32",0.00,2,roschildrui
1163,16957042,"Hayes Kung","2026-10-01 15:24:25",0.00,6,hayeskung
1164,16956796,"SM Arifuzzaman","2026-09-25 00:01:17",0.00,2,shuvrojaman
1165,16954407,pseudoscopic,"2026-09-26 00:07:20",0.00,3,pseudoscopic
1166,16954067,Suda,"2026-10-01 00:27:25",0.00,4,chaneyma
1167,16952991,Yashas,"2026-09-25 00:42:41",0.00,2,yashasgunderia
1168,16950767,"Rijan Ja Bhattarai","2026-09-26 02:40:44",0.00,3,rijanjabhattarai
1169,16957374,"Sincere Bailey","2026-09-27 17:56:18",0.00,2,sincerebailey
1170,16957248,"Zakaria Ounissi","2026-09-25 01:54:09",0.00,1,zakariaounissi
1171,16958129,"Anton De Mel","2026-09-25 02:32:21",0.00,1,antondemel
1172,16956775,"NAWAZ SHARIF","2026-09-25 03:13:17",0.00,1,nawazs4265
1173,16951038,"Saravana Rajan B","2026-09-25 04:50:15",0.00,2,saravanarajanb
1174,16958621,Wannns,"2026-09-25 04:56:39",0.00,1,wannns
1175,16953761,Jaswanth,"2026-09-25 05:11:12",0.00,1,jaswanth7722
1176,16950597,GreedShen,"2026-09-25 07:29:17",0.00,1,greedshen
1177,16953099,"Bryan Bosire","2026-09-25 08:19:58",0.00,1,bryanbosire
1178,16960064,"Ranjith B","2026-10-01 17:54:46",0.00,7,ranjithb236
1179,16957605,Bath-Water,"2026-10-02 01:23:47",0.00,8,bathwater
1180,16956094,"PRAVINKUMAR PRAJAPAT","2026-09-25 09:32:57",0.00,1,"papvenom1,pravinkumarprajapat,sushilpatil12354"
1181,16955177,"Hisoky dev","2026-09-25 09:59:50",0.00,2,omarfahid
1182,16960356,"Porch Goose","2026-10-01 16:10:23",0.00,4,jaclyndeem
1183,16952919,"Dinesh kumar Thiyagarajan","2026-09-25 12:11:06",0.00,1,dineshkumar0705
1184,16961113,"Harshith Kumar","2026-09-29 16:19:32",0.00,4,harshith1212a
1185,16961173,ZHAOGUIBIN,"2026-09-26 00:20:46",0.00,2,zhaoguibin
1186,16961411,"Hakan Hasoglu (Tarsus)","2026-09-25 13:46:33",0.00,1,hakanhasoglutarsus
1187,16949437,"Victor Junger Freire","2026-09-25 13:57:12",0.00,1,victorjungerfreire
1188,16959805,"Yehuda Rubin","2026-10-01 05:07:35",0.00,7,yehudarubin
1189,16961373,"Azouzi Billel","2026-09-26 02:11:35",0.00,2,azouzibillel
1190,16959695,kkm121121,"2026-09-30 10:40:31",0.00,3,kkm121121
1191,16952659,Alish-0x,"2026-10-01 17:55:52",0.00,4,alish0x
1192,16952027,yu11yu,"2026-09-25 16:40:57",0.00,2,yu11yu
1193,16949725,AoiNoWaltz20,"2026-09-25 17:51:17",0.00,2,aoinowaltz20
1194,16951417,"Achieng Mary","2026-09-27 11:43:54",0.00,3,achiengm
1195,16963124,"Ganesh Rabade","2026-09-26 10:17:57",0.00,1,ganeshrabade14
1196,16958118,Proffesor&King,"2026-09-27 03:26:46",0.00,2,aarryyaannnnnn
1197,16960373,"Adam McCoy1111","2026-09-26 11:01:40",0.00,1,adammccoy1111
1198,16967618,"Emre Kocak","2026-09-29 06:02:30",0.00,4,emrekocak0666
1199,16968326,"raju bandam","2026-09-26 17:15:36",0.00,1,rajubandam
1200,16956559,"Mohammed Ghaban","2026-09-27 00:03:38",0.00,3,mhmda81
1201,16968575,PLReddy23,"2026-09-27 00:20:20",0.00,2,plreddy23
1202,16960324,"Salva Piol","2026-09-26 20:16:48",0.00,2,salvapiol
1203,16969179,"Riley Hidalgo","2026-09-29 03:00:30",0.00,2,rileyhidalgo
1204,16958990,StephenEGray13,"2026-09-27 00:13:50",0.00,1,stephenegray13
1205,16961842,"Chng Zhi Qiang","2026-10-01 00:14:49",0.00,6,chngzhiqiang
1206,16958793,pterojacktyl,"2026-10-01 10:02:05",0.00,6,pterojacktyl
1207,16965981,netaro,"2026-09-27 01:17:22",0.00,2,netaro
1208,16958055,"KOUSHIK KUMAR DINDA","2026-09-27 01:40:19",0.00,2,koushikkumardinda
1209,16956414,"Clemency forlan","2026-09-29 07:35:04",0.00,4,clemencyforlan
1210,16961336,"M.A.P.L.E MAGI Labs","2026-10-02 01:00:05",0.00,7,doaimabt
1211,16970177,"jevil savani","2026-09-30 09:09:48",0.00,2,jevilsavani
1212,16968998,"Alston Albarado","2026-09-27 05:53:36",0.00,2,alstonalbarado
1213,16968922,"Gheorghe Sarev","2026-09-27 06:06:08",0.00,1,gheorghesarev
1214,16953591,"Sutada Patichot","2026-09-27 06:14:34",0.00,2,sutadapatichot
1215,16970917,"Jatin Prakash Behera","2026-09-27 06:54:38",0.00,1,jatinprakashbehera
1216,16962923,"Q. Matteo","2026-09-30 07:32:13",0.00,2,refactoreddoodle
1217,16960806,"Rank singh","2026-09-27 07:15:02",0.00,1,ranksingh
1218,16955269,"Prince Biswal","2026-09-27 09:17:27",0.00,2,princebiswal
1219,16966774,"malak firas najah","2026-09-28 09:33:36",0.00,3,malakfirasnajah
1220,16967282,shamiur,"2026-09-29 06:18:31",0.00,3,shamiur
1221,16966544,"tomasz szyrowski","2026-09-27 15:49:51",0.00,1,tomaszszyrowski
1222,16962706,"Debabrata Panda","2026-09-27 19:40:28",0.00,2,iamdebabrata
1223,16958724,"Dhanushree Raghavan","2026-09-28 04:12:11",0.00,1,dhanushreeraghavan
1224,16968970,Lingkai,"2026-10-01 04:14:41",0.00,4,lingkai0
1225,16955853,Ritzmo,"2026-09-28 06:01:51",0.00,1,ritzmo
1226,16976072,"Kanchan Ghosh","2026-09-28 06:08:01",0.00,1,kanchang12
1227,16976123,"Nikhil Pandey #2","2026-09-28 06:17:31",0.00,1,nikhilpandey2204
1228,16976820,"Sung Heo","2026-09-30 00:36:53",0.00,3,kmmmvs
1229,16966451,"Maria Carolina BRAY","2026-10-02 04:08:05",0.00,7,mariacarolinabray
1230,16977393,"Trần Võ Lâm Trường","2026-09-29 08:55:18",0.00,2,lamtruong1594
1231,16956114,ShivamSrng,"2026-09-28 13:15:36",0.00,1,shivamsarang
1232,16979343,SHUJAT,"2026-09-28 15:15:56",0.00,1,syedshujathussain
1233,16967796,"astha singh","2026-09-28 15:29:09",0.00,1,asthasingh1003
1234,16961517,"siddharth latthe","2026-09-28 16:06:46",0.00,3,siddharthlatthe
1235,16964788,"Rodney Puplampu","2026-09-28 16:21:54",0.00,1,rodneypuplampu
1236,16949439,"Justin Arndt","2026-09-28 16:37:33",0.00,2,justinarndt
1237,16974208,"daksha raj","2026-09-29 08:18:29",0.00,2,daksharaj123
1238,16960109,"Jesús Antonio Campo Román","2026-09-29 08:45:04",0.00,2,jacrdeveloper
1239,16976036,"Nexus Hypercore","2026-09-28 21:19:47",0.00,1,joeycsebright
1240,16960348,"t & f & s & s","2026-10-01 23:57:41",0.00,2,"sevenocean0208,sudoyan,takaito,tomokifujihara"
1241,16974364,"Kaluzy Tes","2026-09-29 01:37:10",0.00,1,kaluzytes
1242,16981918,cembirler,"2026-09-29 02:50:28",0.00,1,ozgurcem
1243,16982044,Михаил,"2026-10-01 00:00:10",0.00,3,msingatullin
1244,16958414,Akshai_0,"2026-10-01 08:40:54",0.00,2,akshai0
1245,16966958,"KyoungIk Jang","2026-09-29 05:37:49",0.00,1,kyoungik
1246,16982163,kasinadhsarma,"2026-09-29 05:46:43",0.00,1,kasinadhsarma1
1247,16966315,"Ashok Kumar Pant","2026-09-29 08:43:26",0.00,2,ashokpant
1248,16952362,Viji,"2026-10-01 05:04:25",0.00,3,viji1609
1249,16964809,"DARSHAN A","2026-09-29 12:28:11",0.00,3,ad12345kag
1250,16971858,"Kayode Olaleye","2026-09-29 12:44:01",0.00,1,kayodeolaleye
1251,16956475,"Tomasz Krawel","2026-09-29 15:27:24",0.00,2,tomaszkrawel
1252,16964606,"Rajab Baig","2026-09-29 16:34:11",0.00,1,rajabbaig
1253,16980166,buleboy,"2026-10-01 05:11:14",0.00,2,buleboy
1254,16983026,ch1daka,"2026-09-30 02:19:15",0.00,1,ch1daka
1255,16971579,Huggingfish,"2026-10-01 01:57:01",0.00,2,kylervaler
1256,16987473,"Olugbemi Tolulope","2026-09-30 05:36:57",0.00,1,olugbemitolulope
1257,16976040,"SERU DEEVEN","2026-09-30 07:05:35",0.00,1,serudeeven
1258,16989381,"Eesh saxena","2026-10-01 07:21:25",0.00,2,eeshsaxena
1259,16978403,"Veridex Labs","2026-09-30 07:30:30",0.00,4,"juanbrayden,sarveshtaken"
1260,16989149,abhi_g08,"2026-09-30 08:17:06",0.00,1,abhig08
1261,16981682,rawsashimi,"2026-09-30 11:35:33",0.00,1,rawsashimi
1262,16971085,abdulkader1,"2026-10-01 10:16:57",0.00,3,abdulkader1
1263,16971514,"doumane hicham","2026-10-01 14:52:28",0.00,3,doumanehicham
1264,16985614,"Agneeva Guha","2026-09-30 15:14:20",0.00,1,nullimpress
1265,16992690,"[Deleted] ea27ffeb-20c2-417c-b66f-e0e4e62782bd","2026-09-30 16:41:08",0.00,1,del=919b17c867060ff3
1266,16992887,"Kirill Labzin","2026-10-01 00:00:01",0.00,2,kirilllabzin
1267,16964857,Sandeeplleb,"2026-10-01 00:09:14",0.00,2,sandeeplleb
1268,16993677,"Semih Temiz","2026-09-30 20:28:06",0.00,1,semhtemiz
1269,16969241,ABDELGHANY,"2026-10-01 09:30:18",0.00,2,abdelghanyrageh
1270,16950325,a14iiiii,"2026-10-01 11:33:17",0.00,1,a14iiiii
1271,16968854,"Khalid Ali","2026-10-01 14:58:51",0.00,2,khalidali83
1272,16976412,"Manish Verma","2026-10-01 16:19:05",0.00,1,manishverma649
1273,16992986,Vladimir,"2026-10-01 18:21:38",0.00,2,whindwhisper
1274,16987544,"Artem Balykovsky","2026-10-01 18:30:03",0.00,2,balykovsky
1275,16960147,champions,"2026-10-01 18:34:16",0.00,1,"omkarpawale,srushtirajeshpatil"
1276,16987343,amatas,"2026-10-01 20:32:19",0.00,2,abelmatas
1277,17010926,King-damon,"2026-10-02 00:00:07",0.00,2,kingdamon
1278,17012341,JustkiddingBoy,"2026-10-02 02:05:04",0.00,2,chakrapongpindontree
1279,16991043,Omsingh59,"2026-10-02 03:18:39",0.00,3,omsingh59
